ZONE;DEPNUM;CA;SEXE;FormulaCol2;2018;2019;2020;2021;2022;2023;2024;2025;2026;2027;2028;2029;2030;2031;2032;2033;2034;2035;2036;2037;2038;2039;2040;2041;2042;2043;2044;2045;2046;2047;2048;2049;2050
Ain;1;LYON;1;Group 1: 60-75;48200;49110;50200;51320;51920;52510;53190;53860;54700;55710;56460;57420;58180;59110;60100;61000;61840;62380;62580;62610;62750;62770;62910;63250;63630;64190;64450;64760;65110;65440;65700;66080;66530
Ain;1;LYON;1;Group 2: 75+;20550;21280;21960;22400;23560;24820;26120;27400;28650;29710;30790;31740;32800;33800;34680;35660;36550;37540;38500;39510;40490;41520;42550;43630;44740;45640;46590;47550;48570;49600;50660;51600;52410
Ain;1;LYON;2;Group 1: 60-75;51550;52860;54240;55590;56380;56880;57710;58480;59160;60020;60620;61200;61910;62480;63100;63790;64270;64490;64410;64280;64090;63910;63800;63920;64120;64460;64630;64800;65050;65250;65520;65880;66430
Ain;1;LYON;2;Group 2: 75+;30960;31710;32420;32950;34160;35690;37050;38450;39850;41100;42390;43700;44940;46270;47640;48810;50090;51380;52600;53840;55010;56240;57430;58490;59530;60360;61180;62000;62810;63680;64490;65210;65730
Aisne;2;AMIENS;1;Group 1: 60-75;45220;46150;46940;47550;47650;47640;47420;47320;47000;46820;46580;46200;46140;46020;45960;45930;45850;45580;45170;44510;44000;43510;43080;42860;42600;42510;42280;41950;41680;41320;41020;40730;40530
Aisne;2;AMIENS;1;Group 2: 75+;17990;18100;18360;18520;19400;20450;21640;22780;23940;24950;25830;26700;27490;28170;28810;29440;30010;30560;31030;31560;32010;32400;32830;33120;33400;33560;33640;33920;34110;34370;34680;34910;35030
Aisne;2;AMIENS;2;Group 1: 60-75;48990;50050;51150;51950;52050;51900;51780;51700;51510;51380;51050;50860;50510;50250;50100;49800;49670;49300;48740;48090;47540;46900;46340;45950;45730;45470;45040;44730;44490;44160;43860;43480;43250
Aisne;2;AMIENS;2;Group 2: 75+;30660;30560;30430;30360;31160;32120;33160;34170;35290;36190;37180;38030;38920;39810;40610;41400;42100;42760;43370;43950;44370;44830;45250;45660;45910;46030;46140;46180;46280;46430;46470;46600;46540
Allier;3;RIOM;1;Group 1: 60-75;33190;33480;33800;34140;34000;33680;33370;33130;33010;33000;32900;32750;32780;32670;32660;32710;32650;32390;31960;31450;31010;30650;30310;29950;29570;29350;29070;28710;28430;28060;27690;27430;27320
Allier;3;RIOM;1;Group 2: 75+;17440;17600;17820;17860;18490;19310;20100;20840;21500;22070;22520;23040;23430;23830;24200;24540;24790;25100;25400;25730;25930;26160;26380;26640;26920;27050;27180;27400;27550;27790;28030;28190;28220
Allier;3;RIOM;2;Group 1: 60-75;37510;38030;38440;38840;38680;38370;38180;37790;37570;37420;37110;36950;36670;36530;36490;36320;36240;35880;35410;34860;34450;33880;33520;33130;32740;32490;32130;31730;31340;30980;30570;30120;29910
Allier;3;RIOM;2;Group 2: 75+;28120;28160;28320;28350;29000;29730;30490;31320;32020;32680;33300;33770;34400;34870;35290;35790;36190;36580;36950;37260;37460;37750;37940;38140;38310;38330;38330;38350;38370;38460;38530;38590;38440
Alpes de Haute-Provence;4;AIX EN PROVENCE;1;Group 1: 60-75;16660;16970;17080;17300;17340;17380;17470;17540;17530;17630;17700;17790;17850;17970;18010;18110;18070;18120;18000;17800;17690;17560;17400;17380;17310;17270;17160;17100;17000;16940;16860;16850;16840
Alpes de Haute-Provence;4;AIX EN PROVENCE;1;Group 2: 75+;8230;8410;8670;8810;9150;9550;9890;10250;10670;11000;11310;11620;11890;12180;12470;12690;12960;13140;13350;13570;13780;13990;14220;14400;14620;14790;14980;15130;15340;15550;15740;15870;15980
Alpes de Haute-Provence;4;AIX EN PROVENCE;2;Group 1: 60-75;17660;17960;18310;18590;18710;18680;18830;18870;19030;19200;19330;19470;19520;19560;19540;19520;19540;19360;19160;18940;18750;18500;18330;18200;18050;18010;17900;17780;17710;17660;17570;17480;17480
Alpes de Haute-Provence;4;AIX EN PROVENCE;2;Group 2: 75+;12020;12170;12400;12540;12870;13390;13830;14300;14630;15010;15300;15560;15890;16210;16580;16920;17180;17540;17840;18080;18360;18680;18920;19140;19410;19560;19710;19820;19960;20080;20180;20270;20280
Alpes-Maritimes;6;AIX EN PROVENCE;1;Group 1: 60-75;89180;89970;90460;91340;91240;90830;90820;91170;91300;92040;92530;93030;93280;93710;94370;94760;95190;95230;95030;94530;94210;93540;92980;92900;92570;92530;91940;91680;91430;91150;90820;90400;90250
Alpes-Maritimes;6;AIX EN PROVENCE;1;Group 2: 75+;51930;52790;53880;54140;55760;57890;59870;61570;63250;64480;65710;66800;67860;68800;69630;70510;71460;72330;73210;74190;75060;76110;77230;78200;79260;80170;81020;81710;82520;83490;84380;85350;85960
Alpes-Maritimes;6;AIX EN PROVENCE;2;Group 1: 60-75;106930;107310;108160;109270;108670;108220;108310;108820;109150;109460;109850;110400;110600;111030;111550;111880;112110;111670;111090;110400;109750;108700;107970;107710;107500;107330;106760;106400;105970;105500;105120;104850;104820
Alpes-Maritimes;6;AIX EN PROVENCE;2;Group 2: 75+;82480;84020;85370;85970;88250;90790;93080;94880;96740;98490;99960;101280;102710;103990;105150;106430;107470;108720;109870;110750;111750;112980;114160;115160;116060;116730;117440;118010;118660;119370;120100;120610;120760
Ardêche;7;NIMES;1;Group 1: 60-75;32050;32660;33290;33990;34230;34300;34460;34770;34850;35300;35490;35650;35820;36240;36600;36850;37090;37130;37000;36790;36530;36180;35820;35730;35490;35430;35290;35160;34970;34820;34610;34450;34410
Ardêche;7;NIMES;1;Group 2: 75+;15020;15340;15730;15930;16550;17540;18470;19300;20210;20840;21560;22280;22910;23400;23920;24480;25010;25570;26150;26610;27120;27660;28250;28710;29240;29640;30040;30390;30860;31330;31780;32200;32480
Ardêche;7;NIMES;2;Group 1: 60-75;33900;34540;35250;35920;36120;36220;36430;36770;37040;37280;37460;37640;37830;38110;38340;38480;38640;38570;38350;38090;37860;37510;37170;37010;36780;36660;36390;36210;35950;35720;35560;35440;35430
Ardêche;7;NIMES;2;Group 2: 75+;22660;22960;23280;23440;24200;25070;25970;26790;27610;28440;29280;30070;30840;31550;32240;32940;33570;34260;34880;35470;35990;36640;37290;37810;38330;38740;39120;39500;39890;40280;40600;40890;41010
Ardennes;8;REIMS;1;Group 1: 60-75;24000;24340;24730;25100;25080;25070;24970;24860;24710;24650;24470;24310;24190;24010;23990;23860;23660;23340;23000;22590;22150;21740;21360;21120;20860;20710;20420;20150;19990;19780;19590;19490;19440
Ardennes;8;REIMS;1;Group 2: 75+;9930;10060;10210;10280;10740;11290;11860;12360;12950;13320;13740;14150;14480;14800;15070;15390;15620;15890;16150;16410;16650;16880;17020;17190;17310;17370;17440;17490;17520;17640;17740;17730;17680
Ardennes;8;REIMS;2;Group 1: 60-75;25770;26380;26970;27310;27320;27130;27030;26950;26700;26500;26230;25880;25620;25310;25040;24950;24760;24340;24040;23670;23280;22820;22410;22210;21920;21710;21550;21320;21190;20990;20760;20470;20320
Ardennes;8;REIMS;2;Group 2: 75+;16480;16510;16570;16540;16940;17490;17960;18470;19000;19520;19970;20400;20860;21270;21710;21960;22310;22730;22950;23180;23350;23530;23720;23800;23850;23830;23710;23660;23590;23530;23490;23500;23330
Ariège;9;TOULOUSE;1;Group 1: 60-75;15520;15830;16140;16510;16650;16640;16640;16720;16750;16820;16700;16630;16630;16720;16800;16930;16940;16870;16730;16600;16480;16410;16250;16240;16200;16230;16210;16160;16090;15970;15880;15870;15910
Ariège;9;TOULOUSE;1;Group 2: 75+;7790;7920;8050;8110;8390;8860;9240;9630;9970;10340;10720;11070;11350;11620;11880;12130;12400;12680;12970;13270;13500;13730;13990;14210;14410;14520;14640;14770;14950;15160;15370;15520;15610
Ariège;9;TOULOUSE;2;Group 1: 60-75;16010;16480;16830;17230;17350;17480;17540;17650;17740;17850;17940;17930;17900;17970;18050;18150;18160;18110;18000;17860;17680;17570;17430;17400;17350;17290;17250;17220;17140;17060;16950;16870;16900
Ariège;9;TOULOUSE;2;Group 2: 75+;11630;11700;11820;11840;12170;12550;12980;13380;13760;14070;14410;14750;15120;15460;15790;16140;16510;16840;17150;17490;17820;18130;18420;18700;18930;19100;19230;19330;19500;19690;19870;20020;20100
Aube;10;REIMS;1;Group 1: 60-75;25870;26260;26510;26870;26710;26470;26220;26060;25860;25790;25680;25570;25510;25520;25520;25570;25560;25460;25070;24830;24650;24310;24010;23870;23750;23650;23380;23220;23050;22900;22680;22500;22420
Aube;10;REIMS;1;Group 2: 75+;11660;11770;11980;12170;12720;13430;14180;14860;15450;15970;16460;16930;17310;17610;17940;18170;18440;18660;19010;19210;19380;19570;19770;19930;20080;20230;20340;20440;20560;20750;20890;21040;21100
Aube;10;REIMS;2;Group 1: 60-75;28710;29200;29650;30190;30200;30050;29800;29780;29740;29630;29490;29450;29480;29380;29430;29460;29450;29260;28940;28640;28510;28360;28060;27970;27800;27700;27550;27370;27270;27080;26910;26800;26790
Aube;10;REIMS;2;Group 2: 75+;19370;19480;19650;19650;20150;20850;21620;22290;22890;23530;24120;24620;25090;25620;26080;26480;26860;27250;27660;27990;28270;28530;28850;29100;29290;29410;29520;29690;29780;29930;30060;30160;30110
Aude;11;MONTPELLIER;1;Group 1: 60-75;36950;37400;37950;38460;38380;38460;38340;38510;38570;38850;38980;39010;39290;39510;39760;40010;40230;40280;40210;40010;39870;39790;39590;39560;39440;39380;39260;39020;38860;38690;38530;38430;38440
Aude;11;MONTPELLIER;1;Group 2: 75+;17870;18400;18890;19240;20230;21270;22460;23470;24480;25290;26130;27050;27750;28480;29150;29700;30220;30750;31260;31780;32280;32790;33370;33840;34320;34720;35110;35580;36070;36570;37010;37420;37730
Aude;11;MONTPELLIER;2;Group 1: 60-75;40530;41310;41990;42630;42670;42670;42700;42970;43130;43350;43470;43720;43930;44100;44380;44770;44890;44840;44670;44410;44140;43910;43560;43510;43500;43410;43140;42990;42790;42650;42380;42120;42130
Aude;11;MONTPELLIER;2;Group 2: 75+;26870;27390;27920;28300;29440;30630;31770;32850;34000;34980;36040;36930;37810;38750;39550;40230;41050;41800;42460;43130;43740;44320;45010;45630;46140;46570;47000;47390;47780;48210;48620;48990;49140
Aveyron;12;MONTPELLIER;1;Group 1: 60-75;28140;28750;29340;29920;30060;30280;30470;30530;30610;30820;30950;31060;31020;31050;31220;31280;31420;31360;31140;30910;30590;30230;29990;29870;29660;29500;29270;29150;28960;28700;28480;28320;28290
Aveyron;12;MONTPELLIER;1;Group 2: 75+;15330;15430;15570;15600;16140;16780;17480;18200;18900;19500;20140;20680;21270;21810;22360;22870;23350;23800;24270;24730;25220;25720;26130;26540;26930;27310;27570;27790;28020;28390;28680;28990;29130
Aveyron;12;MONTPELLIER;2;Group 1: 60-75;29070;29700;30490;31210;31410;31480;31550;31600;31790;31740;31890;32100;32180;32240;32300;32520;32460;32310;32070;31760;31450;31120;30870;30540;30480;30350;30140;29950;29760;29550;29270;29140;29080
Aveyron;12;MONTPELLIER;2;Group 2: 75+;23070;23200;23170;23100;23630;24290;24990;25650;26370;27070;27650;28180;28740;29290;29890;30380;30970;31550;32110;32640;33140;33620;34050;34610;34920;35240;35550;35800;36000;36260;36590;36730;36790
Bas-Rhin;67;COLMAR;1;Group 1: 60-75;86380;88130;90510;92690;93930;94810;95880;96770;97480;98480;98930;99100;99760;100160;100660;100940;101040;100610;99810;98740;97930;96820;95810;95350;94830;94430;93920;93200;92860;92500;92290;92450;92860
Bas-Rhin;67;COLMAR;1;Group 2: 75+;37480;38350;38790;39020;40230;42120;44040;46200;48260;50060;52010;53960;55630;57270;58910;60620;62020;63520;65010;66400;67800;69340;70930;72300;73690;74800;75710;76800;77710;78750;79710;80330;80650
Bas-Rhin;67;COLMAR;2;Group 1: 60-75;93090;95940;98750;101720;103260;104670;105810;106810;107320;108100;108380;108630;108670;109090;109050;108840;108450;107810;106610;105680;104650;103480;102540;102330;102070;101960;101530;101150;100560;100500;100250;100310;100570
Bas-Rhin;67;COLMAR;2;Group 2: 75+;59020;59340;59680;59550;60710;62320;64330;66490;68760;70790;73010;75130;77410;79630;81870;84310;86460;88560;90650;92360;94150;95980;97770;99140;100470;101450;102290;103030;104060;104690;105360;105690;105780
Bouches-du-Rhône;13;AIX EN PROVENCE;1;Group 1: 60-75;155160;156190;157990;159520;159530;159020;158880;159280;159670;160340;160890;161550;161910;162460;163460;164470;164980;164520;163930;162470;162080;161240;160350;160070;159580;159340;158610;158310;157700;157120;156410;156300;156480
Bouches-du-Rhône;13;AIX EN PROVENCE;1;Group 2: 75+;76920;79150;80970;82230;85500;89240;92930;96100;99270;101880;104370;106470;108560;110460;112220;113740;115230;116910;118560;120310;121620;123220;124850;126540;128050;129490;130760;131960;133290;134920;136500;137750;138480
Bouches-du-Rhône;13;AIX EN PROVENCE;2;Group 1: 60-75;178890;180950;183190;185790;185780;185160;185300;186140;186630;187790;187620;187870;188060;188590;189010;189840;190370;190110;188830;187370;186520;185290;184150;183900;183480;183730;183320;183150;183180;182970;182500;182050;181770
Bouches-du-Rhône;13;AIX EN PROVENCE;2;Group 2: 75+;120110;121890;123930;124880;128430;132820;136870;140530;144400;147330;150850;153900;156630;159150;161710;163910;166090;168490;170770;172600;174320;176310;178470;180450;182130;183210;184250;185090;186040;187080;188230;189250;189870
Calvados;14;CAEN;1;Group 1: 60-75;58310;59490;60680;61590;61640;61360;61270;61030;60860;60760;60480;60520;60520;60520;60820;61120;61280;61100;60880;60430;60390;60080;59710;59570;59590;59590;59170;58780;58450;58040;57610;57210;57010
Calvados;14;CAEN;1;Group 2: 75+;25080;25550;26130;26470;27830;29410;31030;32770;34400;35780;37230;38480;39710;40870;41890;42800;43660;44590;45300;46030;46520;47150;47770;48350;48810;49190;49650;50150;50650;51330;51970;52500;52850
Calvados;14;CAEN;2;Group 1: 60-75;66470;67990;69370;70620;70780;70850;70860;70780;70480;70310;69910;69570;69350;69100;69000;68960;68930;68530;67980;67250;66670;66080;65560;65310;65230;65110;64790;64440;64150;63740;63110;62750;62490
Calvados;14;CAEN;2;Group 2: 75+;43270;43620;44110;44380;45820;47460;49160;50880;52710;54370;56050;57630;59100;60590;61980;63300;64470;65610;66640;67560;68440;69270;70000;70590;71110;71380;71630;71880;72140;72420;72790;73080;73080
Cantal;15;RIOM;1;Group 1: 60-75;15420;15820;16210;16470;16470;16470;16540;16580;16540;16500;16510;16450;16440;16390;16350;16310;16230;16120;16030;15830;15640;15410;15180;15030;14890;14750;14610;14480;14340;14220;14070;13910;13800
Cantal;15;RIOM;1;Group 2: 75+;7700;7750;7790;7760;8070;8410;8750;9130;9530;9840;10150;10470;10750;11050;11270;11540;11850;12110;12310;12500;12720;12930;13150;13310;13430;13550;13650;13750;13860;13940;14040;14150;14230
Cantal;15;RIOM;2;Group 1: 60-75;15830;16160;16500;16780;16830;16960;16980;16990;17040;16990;16910;16910;16870;16890;16930;16930;16880;16730;16590;16350;16130;15870;15680;15490;15420;15340;15180;15040;14910;14730;14570;14420;14360
Cantal;15;RIOM;2;Group 2: 75+;12240;12270;12260;12240;12510;12740;13050;13380;13680;14010;14280;14530;14810;15050;15280;15510;15800;16030;16280;16520;16740;16960;17160;17360;17490;17530;17610;17690;17770;17890;17950;18040;17980
Charente;16;BORDEAUX;1;Group 1: 60-75;33950;34540;35130;35760;35710;35670;35490;35520;35590;35590;35480;35340;35300;35200;35110;35090;34990;34850;34440;34050;33730;33290;32890;32620;32350;32200;31960;31740;31520;31310;31030;30900;30750
Charente;16;BORDEAUX;1;Group 2: 75+;16700;16880;17040;17070;17710;18450;19420;20210;20970;21710;22450;23160;23780;24420;25080;25660;26110;26550;27040;27400;27720;28110;28490;28890;29210;29440;29630;29850;30070;30340;30620;30760;30880
Charente;16;BORDEAUX;2;Group 1: 60-75;36850;37660;38370;39200;39400;39450;39560;39640;39540;39680;39470;39410;39330;39110;38970;39060;38880;38760;38340;37870;37440;36890;36430;36280;35950;35860;35560;35220;35040;34770;34440;34310;34140
Charente;16;BORDEAUX;2;Group 2: 75+;25820;25780;25790;25610;26200;26910;27630;28380;29170;29850;30650;31370;32140;32910;33660;34320;34960;35520;36120;36680;37170;37660;38120;38430;38800;38940;39120;39320;39400;39560;39820;39890;39920
Charente-Maritime;17;POITIERS;1;Group 1: 60-75;66640;68130;69470;70730;70800;70800;70990;71110;71270;71550;71820;72320;72810;73270;73870;74590;75180;75380;75270;75050;74990;74720;74490;74340;74370;74280;73940;73700;73330;72900;72340;71880;71740
Charente-Maritime;17;POITIERS;1;Group 2: 75+;32490;33260;34200;34860;36660;38860;40950;43040;45110;46970;48750;50340;51870;53400;54820;56080;57330;58550;59730;60750;61760;62820;63840;64870;65800;66660;67560;68500;69470;70580;71730;72740;73440
Charente-Maritime;17;POITIERS;2;Group 1: 60-75;76130;78010;79990;81740;82280;82420;82720;83150;83250;83840;84150;84410;84650;85090;85470;86060;86730;86890;86710;86400;86150;85740;85300;85320;85370;85420;85060;84760;84450;84080;83590;83210;83120
Charente-Maritime;17;POITIERS;2;Group 2: 75+;49650;50360;51100;51750;53650;56120;58540;60940;63460;65460;67630;69870;72090;74200;76270;78200;79860;81590;83180;84600;85960;87380;88820;90000;91080;91930;92810;93670;94570;95510;96530;97430;97920
Cher;18;BOURGES;1;Group 1: 60-75;29690;29970;30330;30590;30280;29930;29820;29620;29420;29300;29320;29170;29170;29160;29240;29250;29170;28970;28650;28360;28050;27600;27170;26930;26760;26590;26360;26090;25820;25490;25180;25010;24940
Cher;18;BOURGES;1;Group 2: 75+;14340;14510;14670;14760;15370;16120;16820;17550;18200;18670;19050;19520;19870;20190;20530;20830;21080;21360;21600;21780;21910;22190;22420;22610;22730;22890;23010;23180;23360;23610;23840;23940;24010
Cher;18;BOURGES;2;Group 1: 60-75;32460;33000;33320;33620;33400;33020;32760;32540;32170;32090;31830;31620;31540;31350;31220;31030;30840;30530;30030;29590;29130;28590;28100;27740;27360;27130;26790;26500;26170;25920;25650;25380;25270
Cher;18;BOURGES;2;Group 2: 75+;22380;22390;22540;22580;23110;23840;24510;25170;25900;26290;26760;27240;27590;28050;28400;28760;29100;29340;29630;29790;29940;30120;30320;30450;30530;30530;30540;30570;30630;30660;30630;30620;30490
Corrèze;19;LIMOGES;1;Group 1: 60-75;24040;24570;25020;25390;25410;25290;25240;25150;25040;24960;24870;24800;24730;24750;24800;24880;24860;24730;24540;24290;24140;23930;23720;23520;23360;23290;23090;22930;22750;22560;22300;22110;22040
Corrèze;19;LIMOGES;1;Group 2: 75+;12490;12520;12640;12660;13060;13720;14320;14910;15560;16120;16630;17120;17570;17950;18340;18740;19100;19420;19750;19990;20260;20520;20750;21010;21220;21380;21540;21680;21880;22120;22400;22580;22660
Corrèze;19;LIMOGES;2;Group 1: 60-75;26360;26940;27520;27940;27970;27920;27830;27730;27660;27540;27380;27290;27100;26940;26850;26810;26680;26500;26300;26040;25740;25430;25190;25010;24820;24740;24550;24420;24240;24010;23820;23630;23510
Corrèze;19;LIMOGES;2;Group 2: 75+;20170;20200;20180;20170;20580;21100;21720;22280;22830;23410;23980;24500;24990;25540;26100;26520;27000;27430;27800;28120;28410;28720;28950;29180;29370;29460;29560;29570;29610;29750;29840;29910;29900
Corse-du-Sud;2A;BASTIA;1;Group 1: 60-75;14000;14230;14420;14750;14880;14930;14970;14960;15030;15200;15260;15440;15660;15840;15960;16270;16460;16650;16680;16650;16740;16770;16840;16880;16920;17010;16970;16880;16810;16790;16680;16670;16600
Corse-du-Sud;2A;BASTIA;1;Group 2: 75+;7640;7910;8190;8290;8700;9090;9560;10010;10470;10860;11230;11540;11830;12080;12410;12590;12780;12990;13210;13480;13660;13900;14100;14360;14640;14860;15100;15360;15620;15870;16170;16420;16660
Corse-du-Sud;2A;BASTIA;2;Group 1: 60-75;15270;15420;15630;15710;15820;15950;16090;16230;16300;16400;16460;16580;16730;16900;17040;17300;17550;17620;17690;17750;17720;17750;17760;17820;17910;18010;18070;18090;18170;18150;18100;18020;18020
Corse-du-Sud;2A;BASTIA;2;Group 2: 75+;10600;10940;11250;11510;11890;12340;12790;13250;13730;14140;14550;14870;15220;15520;15850;16090;16330;16590;16750;16950;17210;17490;17790;18010;18220;18400;18560;18770;18990;19210;19460;19710;19830
Côte-d'Or;21;DIJON;1;Group 1: 60-75;43380;44230;44850;45270;45170;44990;44820;44630;44600;44490;44480;44390;44410;44570;44760;44940;44850;44610;44380;43920;43380;42950;42570;42220;42030;41640;41320;40910;40540;40090;39650;39380;39320
Côte-d'Or;21;DIJON;1;Group 2: 75+;20150;20460;20920;21100;22020;23240;24360;25430;26480;27390;28280;29020;29810;30510;31200;31800;32460;33040;33420;33820;34290;34680;35030;35470;35740;36080;36310;36620;37020;37470;37900;38180;38300
Côte-d'Or;21;DIJON;2;Group 1: 60-75;48150;49050;50070;50870;50790;50630;50350;50310;49940;49890;49490;49530;49410;49390;49550;49560;49510;49230;48840;48320;47930;47330;46820;46530;46360;46350;46000;45670;45320;44930;44560;44270;44040
Côte-d'Or;21;DIJON;2;Group 2: 75+;32230;32440;32650;32750;33820;34940;36260;37410;38740;39690;40720;41570;42460;43300;44100;44870;45600;46400;47050;47630;48100;48620;49150;49540;49860;49920;50200;50370;50590;50930;51140;51300;51360
Côtes d'Armor;22;RENNES;1;Group 1: 60-75;59010;60520;61840;62970;63240;63320;63350;63540;63880;64230;64460;64740;65050;65290;65880;66210;66490;66670;66590;66230;65860;65530;65200;64880;64640;64490;64060;63650;63300;62640;62130;61630;61260
Côtes d'Armor;22;RENNES;1;Group 2: 75+;27520;27860;28300;28510;29800;31450;33110;34750;36180;37490;38800;40010;41250;42440;43490;44580;45630;46600;47470;48350;49180;49990;50880;51710;52480;53130;53760;54510;55200;56150;56960;57730;58330
Côtes d'Armor;22;RENNES;2;Group 1: 60-75;64660;66320;67830;69100;69290;69460;69410;69540;69680;69770;69770;70020;70250;70510;70650;70940;71110;71190;70820;70350;69790;69330;68900;68690;68560;68580;68160;67680;67390;67070;66550;66190;65910
Côtes d'Armor;22;RENNES;2;Group 2: 75+;45710;45680;45850;45900;47250;48730;50410;51990;53460;54860;56250;57520;58820;60050;61360;62630;63790;64960;66040;67080;68020;68970;69890;70670;71250;71720;72270;72810;73340;73890;74510;75010;75420
Creuse;23;LIMOGES;1;Group 1: 60-75;13610;13850;14090;14240;14170;14130;14040;13940;13850;13830;13790;13700;13640;13590;13630;13560;13480;13380;13260;13090;12920;12740;12580;12460;12380;12270;12180;12050;11930;11780;11660;11590;11530
Creuse;23;LIMOGES;1;Group 2: 75+;6620;6540;6510;6460;6680;6980;7240;7560;7840;8080;8280;8510;8740;8940;9090;9280;9410;9570;9680;9830;9960;10060;10180;10280;10380;10450;10520;10600;10680;10820;10880;10940;10970
Creuse;23;LIMOGES;2;Group 1: 60-75;13800;14120;14380;14700;14780;14670;14590;14550;14460;14400;14310;14280;14150;14020;13880;13800;13700;13550;13320;13060;12900;12740;12520;12370;12200;12100;11930;11790;11680;11560;11410;11300;11250
Creuse;23;LIMOGES;2;Group 2: 75+;10960;10810;10710;10530;10650;10900;11100;11330;11570;11750;11940;12090;12310;12540;12770;12960;13160;13360;13560;13780;13910;14020;14170;14260;14320;14350;14390;14390;14390;14390;14390;14400;14370
Deux-Sèvres;79;POITIERS;1;Group 1: 60-75;33430;34160;34970;35640;35790;35760;35900;35960;35980;36000;35860;36040;36120;36200;36310;36420;36570;36460;36280;35990;35850;35590;35370;35260;35110;35010;34700;34440;34240;33930;33590;33340;33180
Deux-Sèvres;79;POITIERS;1;Group 2: 75+;17230;17370;17570;17620;18210;19000;19790;20610;21400;22130;22910;23490;24130;24700;25350;25970;26520;27140;27700;28180;28550;29070;29520;29900;30260;30500;30830;31170;31480;31850;32270;32610;32830
Deux-Sèvres;79;POITIERS;2;Group 1: 60-75;35410;36430;37360;38270;38490;38660;38840;38930;38980;39190;39300;39360;39390;39410;39450;39680;39670;39490;39190;38890;38600;38140;37890;37690;37480;37430;37250;37090;36860;36720;36410;36100;35990
Deux-Sèvres;79;POITIERS;2;Group 2: 75+;25730;25740;25720;25620;26160;26870;27700;28530;29320;30020;30620;31310;32000;32750;33430;34010;34800;35470;36170;36720;37280;37910;38450;38890;39350;39620;39900;40160;40430;40670;41000;41310;41380
Dordogne;24;BORDEAUX;1;Group 1: 60-75;45080;46150;46960;47770;47990;48050;48130;48250;48300;48390;48450;48550;48640;48600;48860;48940;49000;48860;48540;48030;47670;47230;46800;46530;46350;46080;45770;45470;45200;44850;44510;44210;44120
Dordogne;24;BORDEAUX;1;Group 2: 75+;22460;22670;23050;23220;24200;25390;26610;27750;29000;30020;31120;32040;32960;33950;34750;35590;36380;37110;37780;38530;39150;39810;40420;41020;41470;41960;42360;42770;43150;43700;44180;44620;44850
Dordogne;24;BORDEAUX;2;Group 1: 60-75;48690;49730;50710;51720;51980;52050;52190;52330;52480;52750;52580;52790;52690;52730;52780;52960;52900;52720;52320;51890;51540;50980;50480;50130;49730;49600;49230;48970;48730;48430;48100;47970;47970
Dordogne;24;BORDEAUX;2;Group 2: 75+;34060;34400;34750;34990;35980;37200;38460;39720;40970;42060;43360;44360;45470;46530;47620;48560;49530;50420;51340;52170;52870;53690;54430;55140;55770;56170;56570;56850;57190;57610;58030;58260;58370
Doubs;25;BESANCON;1;Group 1: 60-75;41410;41980;42420;42670;42430;42100;41960;42010;42080;42260;42240;42310;42620;42970;43200;43420;43480;43370;43280;42920;42840;42600;42340;42210;42160;42190;41960;41590;41260;40930;40590;40450;40390
Doubs;25;BESANCON;1;Group 2: 75+;19500;19790;20280;20600;21560;22720;23790;24720;25580;26300;26970;27620;28140;28650;29190;29670;30090;30530;30860;31230;31550;31980;32430;32870;33300;33550;33870;34320;34790;35250;35670;35930;36100
Doubs;25;BESANCON;2;Group 1: 60-75;46040;46730;47450;48090;48040;47800;47540;47470;47510;47540;47540;47300;47300;47290;47150;47140;47110;46880;46450;46070;45720;45360;45090;44970;44880;44810;44790;44730;44460;44420;44160;43980;43910
Doubs;25;BESANCON;2;Group 2: 75+;29850;30230;30610;30880;31800;32940;34120;35230;36160;36990;37780;38570;39310;40100;40940;41690;42300;42900;43490;43930;44340;44740;45210;45610;45930;46150;46210;46390;46610;46820;47040;47170;47170
Drôme;26;GRENOBLE;1;Group 1: 60-75;43290;44090;44930;45800;46130;46220;46470;47070;47410;47920;48280;48620;48990;49580;49950;50490;50650;50690;50610;50380;50300;50040;49830;49930;49900;49910;49770;49840;49730;49690;49410;49410;49510
Drôme;26;GRENOBLE;1;Group 2: 75+;20490;21150;21710;21970;22910;24060;25270;26170;27180;28130;29030;29920;30660;31370;32140;32820;33590;34290;34950;35630;36160;36850;37600;38250;38960;39530;40090;40600;41270;41870;42560;43040;43380
Drôme;26;GRENOBLE;2;Group 1: 60-75;48240;49090;50140;51270;51410;51710;52050;52530;52850;53480;53690;54020;54410;55010;55400;55820;56220;56170;55830;55580;55410;55140;55060;55130;55030;55180;55050;55010;54900;54860;54830;54770;54900
Drôme;26;GRENOBLE;2;Group 2: 75+;31270;31850;32400;32780;34050;35290;36560;37690;38880;39860;40950;42030;42980;43760;44770;45660;46480;47420;48380;49150;49940;50750;51560;52250;53020;53520;54080;54610;55180;55790;56360;56860;57090
Essonne;91;PARIS;1;Group 1: 60-75;80770;81750;83180;84600;84830;85380;86140;87110;87730;88690;89680;90420;91180;92330;93580;94890;95670;96150;96300;96260;96070;95610;95040;95270;95280;95220;94770;94340;93880;93320;92610;92110;91780
Essonne;91;PARIS;1;Group 2: 75+;35280;36380;37350;37860;39590;41390;43150;44700;46160;47300;48250;49260;50400;51330;52380;53420;54440;55630;56810;57880;59050;60310;61580;62620;63700;64650;65520;66550;67670;68960;70310;71340;72290
Essonne;91;PARIS;2;Group 1: 60-75;89730;91090;92470;93950;94070;93960;94270;94770;95110;95530;96020;96680;97090;97610;98270;98840;99390;99280;98910;98480;98240;97760;97330;97440;97450;97480;97200;97090;96910;96850;96830;96710;96900
Essonne;91;PARIS;2;Group 2: 75+;53720;54780;55900;56590;58500;60740;62690;64560;66300;67880;69260;70450;71670;73000;74180;75370;76640;77950;79230;80330;81370;82490;83640;84600;85460;86230;86960;87560;88310;89080;89810;90610;91020
Eure;27;ROUEN;1;Group 1: 60-75;48800;49920;50750;51600;51720;51590;51620;51810;51980;52170;52260;52450;52700;52980;53370;53690;53910;53910;53660;53220;52940;52490;51980;51790;51590;51430;51130;50730;50360;49890;49470;49030;48750
Eure;27;ROUEN;1;Group 2: 75+;19130;19450;19930;20180;21220;22510;23850;25010;26150;27190;28220;29060;29880;30710;31420;32150;32920;33600;34260;34900;35400;36040;36670;37250;37780;38240;38660;39140;39670;40260;40830;41380;41720
Eure;27;ROUEN;2;Group 1: 60-75;53530;54790;56080;57190;57500;57560;57610;57710;57680;57850;57620;57670;57770;57780;57940;57950;58010;57830;57470;56890;56450;55910;55350;55290;55030;55050;54690;54330;54060;53670;53250;52820;52570
Eure;27;ROUEN;2;Group 2: 75+;30690;31100;31480;31700;32880;34240;35710;37130;38550;39770;41070;42310;43470;44560;45610;46710;47730;48700;49550;50390;51080;51830;52530;53110;53630;53900;54310;54690;54970;55370;55700;56050;56180
Eure-et-Loir;28;VERSAILLES;1;Group 1: 60-75;35360;35810;36410;36870;36750;36730;36560;36690;36560;36450;36590;36730;36790;36900;37170;37520;37780;37700;37500;37300;37080;36910;36520;36490;36430;36320;35990;35690;35400;35030;34600;34260;34050
Eure-et-Loir;28;VERSAILLES;1;Group 2: 75+;16120;16310;16590;16670;17400;18250;19110;19970;20840;21610;22150;22710;23310;23840;24320;24740;25100;25600;25980;26360;26780;27110;27600;27960;28230;28540;28840;29160;29500;29930;30380;30770;31000
Eure-et-Loir;28;VERSAILLES;2;Group 1: 60-75;38100;38910;39560;40190;40320;40150;40220;40230;40200;40160;39970;39920;39920;40060;40160;40330;40310;40240;40040;39640;39490;39200;38910;38780;38760;38660;38500;38250;38030;37890;37590;37390;37250
Eure-et-Loir;28;VERSAILLES;2;Group 2: 75+;24750;24930;25180;25310;26040;26930;27740;28590;29540;30280;31150;31920;32660;33320;33940;34500;35140;35690;36240;36760;37120;37570;38000;38430;38680;38900;39120;39360;39640;39890;40130;40330;40450
Finistère;29;RENNES;1;Group 1: 60-75;81440;83660;85830;87620;88220;88300;88610;89000;89420;89790;89860;90160;90200;90730;91340;91960;92300;92270;91820;91150;90600;90030;89640;89300;89150;88960;88630;88250;87620;86810;86020;85430;85030
Finistère;29;RENNES;1;Group 2: 75+;35560;35910;36390;36700;38390;40700;42910;44920;46910;48730;50740;52380;54310;55880;57480;58990;60490;61950;63330;64640;65770;66970;68090;69190;70130;70970;71750;72570;73590;74760;75940;76900;77580
Finistère;29;RENNES;2;Group 1: 60-75;90670;93050;95220;97350;97890;98150;98430;98880;98660;99000;98930;99100;99340;99350;99250;99710;99900;99720;98950;98040;97200;96140;95390;95090;94830;94590;93860;93340;92860;92230;91350;90630;90270
Finistère;29;RENNES;2;Group 2: 75+;63050;62960;63140;63050;64680;66700;69020;71030;73340;75140;77150;79040;80850;82830;84890;86550;88210;89880;91520;92960;94300;95810;97160;98100;98970;99610;100300;100980;101620;102270;103090;103730;104040
Gard;30;NIMES;1;Group 1: 60-75;67640;68670;69840;70850;70990;70950;71080;71340;71630;71970;72200;72530;72820;73400;73770;74160;74410;74420;74000;73480;73080;72640;72090;71760;71540;71310;70970;70510;69970;69500;69110;68830;68710
Gard;30;NIMES;1;Group 2: 75+;31040;32060;32900;33560;35260;37300;39190;41110;43050;44620;46250;47630;48980;50160;51370;52540;53500;54470;55390;56330;57170;58090;59120;60170;60990;61780;62500;63230;64130;64940;65790;66410;66880
Gard;30;NIMES;2;Group 1: 60-75;74730;76180;77760;79160;79370;79350;79740;80060;80240;80840;80940;81330;81580;81860;82280;82460;82540;82180;81580;80940;80410;79650;78980;78680;78350;78150;77580;77250;76910;76370;75920;75480;75420
Gard;30;NIMES;2;Group 2: 75+;46700;47530;48390;49090;50940;53130;55160;57090;59190;60700;62570;64130;65620;67110;68660;70060;71410;72810;74110;75210;76200;77370;78420;79410;80250;80880;81510;82000;82540;83280;83810;84220;84360
Gers;32;AGEN;1;Group 1: 60-75;19790;20240;20720;21160;21330;21380;21510;21730;21810;21940;22030;22050;22180;22300;22430;22530;22590;22510;22380;22190;21990;21730;21530;21390;21270;21110;20960;20800;20680;20510;20350;20240;20170
Gers;32;AGEN;1;Group 2: 75+;10770;10800;10870;10850;11160;11650;12150;12560;13030;13420;13890;14340;14680;15020;15390;15750;16080;16450;16770;17090;17400;17760;18110;18400;18650;18920;19130;19350;19570;19830;20070;20280;20390
Gers;32;AGEN;2;Group 1: 60-75;20690;21240;21820;22370;22560;22680;22930;23170;23240;23360;23500;23660;23750;23840;23880;23980;24020;23950;23730;23550;23380;23120;22830;22780;22640;22550;22350;22210;22050;21940;21800;21710;21690
Gers;32;AGEN;2;Group 2: 75+;15380;15470;15590;15670;16110;16640;17100;17670;18180;18670;19140;19610;20130;20630;21150;21610;22050;22540;23020;23470;23860;24320;24820;25090;25420;25730;25990;26240;26480;26710;26940;27100;27200
Gironde;33;BORDEAUX;1;Group 1: 60-75;118690;120930;123440;125580;126230;126580;126900;127500;128330;129020;130110;131550;133180;134940;137300;139310;141420;142960;143770;144080;144890;145620;146430;147690;149040;150210;150580;151210;151700;151930;152020;152300;152810
Gironde;33;BORDEAUX;1;Group 2: 75+;53940;55190;56430;57480;60330;63740;67150;70430;73660;76710;79350;81700;83920;86150;88190;90380;92290;94300;96250;98210;99990;101760;103600;105550;107260;108970;110760;112660;114730;117240;119660;122020;124020
Gironde;33;BORDEAUX;2;Group 1: 60-75;137770;140790;143600;146970;147850;148060;148680;149240;149970;150920;151330;152470;153550;154810;156590;158470;160070;161000;161230;161120;161750;162050;162600;163820;164940;166270;166850;167480;168250;168860;169060;169690;170700
Gironde;33;BORDEAUX;2;Group 2: 75+;87520;88820;90210;90940;94210;97940;101850;105710;109520;113110;116880;119970;123240;126410;129400;132460;135340;138080;140980;143560;145700;148140;150460;152670;154760;156400;158060;159780;161530;163640;165910;167890;169230
Haute-Corse;2B;BASTIA;1;Group 1: 60-75;16190;16480;16820;17080;17100;17170;17360;17420;17430;17640;17680;17850;18040;18220;18440;18660;18810;18900;18980;18980;18930;18870;18820;18850;18870;19040;19040;19000;18960;18940;18900;18860;18860
Haute-Corse;2B;BASTIA;1;Group 2: 75+;8100;8480;8770;8960;9400;9940;10380;10900;11480;11840;12250;12580;12930;13240;13490;13740;14060;14360;14590;14810;15080;15370;15650;15940;16220;16410;16680;16930;17180;17450;17720;18020;18230
Haute-Corse;2B;BASTIA;2;Group 1: 60-75;17090;17360;17720;18170;18260;18410;18570;18630;18970;19080;19300;19480;19640;19860;20040;20340;20620;20710;20750;20770;20800;20750;20840;20820;20960;21110;21180;21240;21280;21320;21290;21250;21300
Haute-Corse;2B;BASTIA;2;Group 2: 75+;11280;11540;11880;12040;12530;13050;13530;14110;14520;15040;15410;15850;16290;16610;16990;17300;17570;17980;18340;18650;18970;19290;19570;19960;20240;20470;20740;20990;21210;21470;21760;22030;22230
Haute-Garonne;31;TOULOUSE;1;Group 1: 60-75;89340;91350;93400;95130;96060;97000;98120;99610;100990;102370;103530;104630;105910;107280;108920;110460;111310;111860;112110;112150;112230;112500;112690;113420;114550;115470;115990;116630;117230;117590;117900;118670;119640
Haute-Garonne;31;TOULOUSE;1;Group 2: 75+;41610;42610;43550;44250;46200;48430;50640;52740;54780;56350;58140;59820;61420;63090;64740;66250;68060;69850;71490;73280;75030;76860;78850;80720;82240;83730;85080;86540;88140;89950;91650;93050;94210
Haute-Garonne;31;TOULOUSE;2;Group 1: 60-75;102190;104180;106740;109020;109950;110590;111660;112810;114160;115570;116660;118050;119170;120170;121320;122640;123680;124050;124090;123630;123780;123430;123590;124100;124520;125450;125640;126330;127070;127880;128410;129100;130300
Haute-Garonne;31;TOULOUSE;2;Group 2: 75+;65220;66610;67800;68800;71530;74520;77460;80200;82780;85130;87430;89730;91880;94220;96510;98700;100880;103250;105530;107790;109850;112160;114310;116370;118210;119700;121360;122670;124020;125470;127040;128400;129400
Haute-Loire;43;RIOM;1;Group 1: 60-75;22040;22420;22910;23230;23260;23200;23170;23060;23200;23300;23390;23470;23470;23590;23780;23840;23920;23850;23780;23580;23390;23140;22950;22740;22620;22430;22180;22010;21800;21540;21320;21150;21010
Haute-Loire;43;RIOM;1;Group 2: 75+;9780;10000;10200;10310;10810;11460;12090;12740;13250;13700;14130;14580;15010;15320;15670;16080;16400;16740;17000;17260;17540;17800;18040;18340;18600;18810;19050;19230;19430;19740;20020;20210;20370
Haute-Loire;43;RIOM;2;Group 1: 60-75;22700;23180;23640;24080;24180;24270;24290;24390;24370;24520;24430;24460;24570;24680;24730;24800;24820;24770;24550;24280;24050;23770;23570;23450;23310;23250;23080;22850;22610;22470;22230;22080;22020
Haute-Loire;43;RIOM;2;Group 2: 75+;16060;16190;16300;16400;16860;17340;17940;18470;19040;19450;19980;20440;20840;21270;21680;22140;22540;22910;23310;23690;24010;24370;24720;24990;25240;25420;25590;25770;26000;26140;26370;26500;26560
Haute-Marne;52;DIJON;1;Group 1: 60-75;16730;16990;17100;17190;17150;17010;16940;16910;16690;16580;16390;16250;16120;15970;15890;15790;15650;15470;15200;14870;14620;14290;14040;13880;13750;13610;13480;13310;13150;13010;12830;12700;12670
Haute-Marne;52;DIJON;1;Group 2: 75+;7770;7780;7880;7910;8190;8530;8840;9110;9480;9730;10010;10190;10410;10600;10750;10910;11070;11170;11280;11440;11520;11660;11770;11820;11870;11900;11900;11930;11940;11990;12030;12050;12020
Haute-Marne;52;DIJON;2;Group 1: 60-75;17990;18410;18720;19010;18990;18950;18900;18780;18700;18520;18460;18360;18190;17980;17850;17730;17540;17290;16920;16560;16230;15810;15430;15220;15020;14790;14520;14270;14080;13840;13620;13420;13300
Haute-Marne;52;DIJON;2;Group 2: 75+;12590;12550;12540;12510;12790;13070;13450;13840;14100;14420;14630;14860;15120;15370;15600;15810;16080;16270;16510;16700;16820;17010;17170;17260;17260;17310;17320;17300;17240;17210;17230;17180;17060
Hautes-Alpes;5;GRENOBLE;1;Group 1: 60-75;13730;14070;14400;14710;14810;14870;14950;15040;15130;15170;15310;15370;15380;15440;15450;15520;15500;15420;15280;15110;15020;14870;14730;14690;14630;14600;14480;14370;14260;14190;14040;13950;13910
Hautes-Alpes;5;GRENOBLE;1;Group 2: 75+;6380;6600;6790;6900;7240;7630;8000;8400;8760;9110;9400;9700;10020;10330;10640;10920;11240;11510;11760;11990;12190;12430;12660;12880;13050;13240;13370;13490;13660;13810;13960;14090;14170
Hautes-Alpes;5;GRENOBLE;2;Group 1: 60-75;14490;14900;15310;15740;15940;16200;16250;16280;16440;16580;16620;16640;16610;16670;16770;16750;16740;16590;16390;16200;15950;15810;15710;15600;15520;15480;15350;15260;15160;15010;14920;14790;14760
Hautes-Alpes;5;GRENOBLE;2;Group 2: 75+;9640;9810;10050;10180;10530;10910;11340;11780;12140;12510;12900;13310;13730;14100;14440;14800;15180;15580;15970;16310;16680;16920;17140;17390;17630;17770;17930;18030;18160;18320;18420;18510;18520
Haute-Saône;70;BESANCON;1;Group 1: 60-75;22370;22740;23050;23220;23220;23080;22940;22820;22750;22770;22720;22720;22720;22710;22770;22790;22790;22670;22460;22120;21860;21560;21270;21050;20800;20630;20330;20050;19780;19470;19130;18920;18740
Haute-Saône;70;BESANCON;1;Group 2: 75+;9570;9750;9990;10140;10580;11190;11780;12400;12950;13390;13780;14150;14480;14870;15160;15470;15720;15990;16150;16380;16530;16710;16900;17120;17310;17410;17560;17720;17870;18070;18250;18410;18460
Haute-Saône;70;BESANCON;2;Group 1: 60-75;23380;23910;24430;24890;24910;24840;24760;24820;24750;24670;24470;24490;24420;24300;24230;24200;24140;23850;23540;23160;22880;22580;22200;21900;21710;21640;21340;21090;20830;20540;20230;19960;19800
Haute-Saône;70;BESANCON;2;Group 2: 75+;14640;14710;14880;14920;15450;16060;16640;17160;17760;18270;18790;19190;19620;20060;20540;20930;21300;21690;22010;22310;22550;22770;23020;23210;23340;23340;23420;23480;23520;23610;23670;23720;23640
Haute-Savoie;74;CHAMBERY;1;Group 1: 60-75;56050;56670;57590;58600;59000;59370;59920;60900;61730;62790;63660;64840;66060;67380;68550;69800;70920;71630;72110;72280;72730;72990;73280;74040;74760;75480;75930;76540;77040;77660;78120;78810;79450
Haute-Savoie;74;CHAMBERY;1;Group 2: 75+;24100;24960;25670;26140;27440;28970;30500;31790;33060;34130;35270;36090;36930;37660;38570;39430;40170;41030;41910;42890;43840;44920;46140;47230;48340;49390;50450;51550;52720;53920;55160;56250;57100
Haute-Savoie;74;CHAMBERY;2;Group 1: 60-75;62410;63730;65240;66670;67350;67610;68350;69450;70330;71460;72330;73400;74190;75300;76410;77270;78110;78580;78830;78870;79220;79350;79470;80080;80490;81200;81560;82060;82700;83440;83920;84570;85560
Haute-Savoie;74;CHAMBERY;2;Group 2: 75+;37430;38350;39200;39900;41510;43460;45210;46950;48670;50200;51630;52960;54460;55720;56850;58380;59730;61110;62480;63830;64990;66350;67930;69260;70600;71600;72700;73670;74730;75720;76840;77840;78620
Hautes-Pyrénées;65;PAU;1;Group 1: 60-75;22640;22960;23410;23690;23650;23610;23590;23520;23380;23430;23350;23340;23270;23300;23420;23380;23380;23220;23090;22800;22550;22260;22020;21900;21720;21650;21450;21240;21030;20780;20600;20480;20390
Hautes-Pyrénées;65;PAU;1;Group 2: 75+;11510;11640;11790;11810;12380;12930;13500;14070;14640;15110;15550;15940;16360;16730;17010;17380;17650;17980;18180;18490;18750;19030;19260;19430;19690;19800;19950;20100;20290;20510;20680;20810;20870
Hautes-Pyrénées;65;PAU;2;Group 1: 60-75;24930;25480;26030;26480;26600;26630;26810;26780;26770;26770;26710;26750;26690;26700;26710;26650;26610;26450;26190;25910;25620;25220;24980;24890;24780;24730;24490;24290;24140;23920;23730;23630;23610
Hautes-Pyrénées;65;PAU;2;Group 2: 75+;18910;18990;19050;19030;19440;19980;20490;21060;21550;22030;22510;22940;23500;23950;24450;24930;25350;25780;26170;26530;26900;27330;27650;27880;28100;28250;28440;28620;28800;29010;29170;29300;29310
Haute-Vienne;87;LIMOGES;1;Group 1: 60-75;34030;34460;34980;35410;35090;34840;34610;34450;34210;34170;34080;34040;33870;33940;34040;34030;33950;33800;33560;33300;33050;32730;32420;32160;31950;31700;31390;31120;30790;30380;30060;29740;29480
Haute-Vienne;87;LIMOGES;1;Group 2: 75+;16940;17150;17340;17440;18170;19000;19820;20630;21480;22060;22730;23260;23850;24290;24750;25120;25520;25930;26320;26560;26790;27060;27370;27610;27840;28090;28270;28430;28680;28980;29170;29350;29490
Haute-Vienne;87;LIMOGES;2;Group 1: 60-75;38310;39020;39450;39920;39750;39460;39100;38710;38470;38400;38200;38090;38030;38000;37860;37760;37550;37350;37010;36600;36270;35860;35470;35260;35000;34720;34400;34100;33720;33470;33050;32770;32580
Haute-Vienne;87;LIMOGES;2;Group 2: 75+;27480;27450;27610;27560;28280;29120;30040;31000;31750;32350;33080;33680;34250;34800;35390;35940;36440;36850;37230;37610;37900;38200;38450;38630;38800;38930;39010;39120;39250;39310;39400;39360;39300
Haut-Rhin;68;COLMAR;1;Group 1: 60-75;62440;63840;65190;66650;67400;68160;68670;69480;69990;70790;71140;71630;72090;72830;73000;73340;73610;73590;73320;72580;72100;71490;70750;70420;70070;69830;69410;68990;68520;68180;67720;67460;67420
Haut-Rhin;68;COLMAR;1;Group 2: 75+;27500;28110;28690;28880;30170;31570;33190;34710;36270;37700;39140;40370;41730;42840;44310;45510;46580;47570;48570;49730;50800;51860;53050;54050;55180;55970;56710;57560;58500;59260;60020;60640;60990
Haut-Rhin;68;COLMAR;2;Group 1: 60-75;66150;68210;70180;72190;73230;74120;75010;75840;76350;77000;77250;77810;78110;78230;78770;78930;78990;78760;78170;77510;76840;76150;75420;75160;75080;74970;74490;74130;73880;73400;73090;72860;72730
Haut-Rhin;68;COLMAR;2;Group 2: 75+;42290;42520;42760;42710;43720;45020;46500;47970;49550;51040;52640;54100;55720;57380;58870;60420;62010;63480;64910;66220;67520;68910;70180;71240;72260;72990;73820;74560;75190;76000;76580;77100;77330
Hauts-de-Seine;92;VERSAILLES;1;Group 1: 60-75;92460;93140;94240;95320;95430;95220;95870;96470;96860;97640;98240;98900;99960;101080;102360;103620;104860;105310;105260;105220;105230;105080;104830;105180;105260;105510;105260;104940;104690;104390;103910;103580;103490
Hauts-de-Seine;92;VERSAILLES;1;Group 2: 75+;43150;43840;44600;44990;46530;48630;50260;51830;53440;54680;55770;56650;57650;58530;59360;60360;61190;62310;63380;64450;65480;66730;67860;68890;69940;70780;71540;72600;73670;74840;76140;77350;78240
Hauts-de-Seine;92;VERSAILLES;2;Group 1: 60-75;111950;113780;115750;117890;118500;118780;118920;120030;120550;121280;121930;122820;123380;124090;124730;125500;126120;126380;125950;125380;125210;125120;124500;124960;125140;125520;125390;125530;125800;125900;125840;126110;126510
Hauts-de-Seine;92;VERSAILLES;2;Group 2: 75+;73800;74230;74630;74760;76530;78750;80910;82790;84760;86490;88270;89650;91170;92580;94280;96000;97540;99140;100830;102470;103990;105340;107040;108310;109520;110620;111540;112320;113130;114100;115170;116050;116700
Hérault;34;MONTPELLIER;1;Group 1: 60-75;94010;95000;96230;97490;97710;97850;98080;98650;99110;99970;100800;101560;102540;103860;105080;106240;107440;108150;108560;108640;108780;108810;108730;109370;109620;109960;110050;110080;110060;110070;109980;110230;110610
Hérault;34;MONTPELLIER;1;Group 2: 75+;45470;47110;48770;49860;52380;55280;58190;60970;63600;65820;67890;69900;71700;73290;74860;76380;77640;79020;80320;81710;83070;84520;86140;87590;89030;90330;91600;92950;94500;96050;97630;99030;100200
Hérault;34;MONTPELLIER;2;Group 1: 60-75;109360;111360;113500;115360;115530;115440;115590;116210;116780;117430;117800;118460;119100;120100;121180;122060;122910;123040;122920;122760;122750;122560;122330;122610;123060;123510;123450;123540;123760;123790;123830;123880;124510
Hérault;34;MONTPELLIER;2;Group 2: 75+;68540;70300;72040;73650;76970;80610;84160;87530;90830;93840;96940;99640;102350;104730;107120;109520;111680;113880;115930;117730;119340;121070;122930;124640;126090;127310;128460;129620;130830;132190;133480;134650;135270
Îlle-et-Vilaine;35;RENNES;1;Group 1: 60-75;73680;75760;77880;79670;80400;80820;81640;82780;83700;84770;85680;86600;87780;89030;90440;91880;93130;93940;94380;94330;94850;94830;95000;95360;95890;96470;96650;96650;96410;96250;96100;96030;96100
Îlle-et-Vilaine;35;RENNES;1;Group 2: 75+;34950;35300;35650;35890;37430;39380;41260;43050;44940;46500;48120;49560;50870;52360;53780;55020;56470;57940;59330;60720;61960;63440;65050;66560;67900;69150;70320;71570;73060;74660;76170;77720;78950
Îlle-et-Vilaine;35;RENNES;2;Group 1: 60-75;83220;85200;87450;89250;89990;90460;90990;91800;92530;93210;93810;94780;95730;96890;98360;99690;100650;101130;101600;101790;101920;101890;102080;102740;103340;104150;104530;104680;104840;104970;105000;105340;105900
Îlle-et-Vilaine;35;RENNES;2;Group 2: 75+;56320;56850;57320;57810;59580;61890;64190;66250;68430;70580;72530;74200;76030;77770;79390;81050;82740;84560;86240;87850;89520;91180;92800;94360;95750;96870;98040;99270;100610;102130;103600;104790;105730
Indre;36;BOURGES;1;Group 1: 60-75;22730;23090;23360;23610;23420;23210;23080;23000;22850;22800;22690;22480;22340;22320;22290;22250;22180;22000;21740;21470;21140;20730;20330;20060;19790;19500;19260;19000;18700;18440;18130;17840;17650
Indre;36;BOURGES;1;Group 2: 75+;11820;11830;11950;11910;12310;12860;13350;13850;14320;14710;15060;15450;15800;16050;16290;16530;16760;16970;17180;17340;17500;17690;17900;18060;18210;18330;18380;18480;18610;18740;18910;19020;19050
Indre;36;BOURGES;2;Group 1: 60-75;24240;24640;24890;25180;25080;25010;24900;24810;24720;24700;24600;24550;24510;24450;24400;24400;24270;24150;23900;23520;23200;22830;22500;22080;21770;21530;21210;20930;20670;20360;20030;19790;19550
Indre;36;BOURGES;2;Group 2: 75+;18520;18360;18330;18110;18450;18730;19100;19430;19860;20170;20490;20800;21060;21310;21580;21790;22050;22270;22470;22700;22830;23020;23150;23320;23460;23540;23610;23670;23710;23800;23850;23880;23880
Indre-et-Loire;37;ORLEANS;1;Group 1: 60-75;49370;50300;51320;52160;52240;52160;52060;52120;52130;52260;52480;52590;52730;52970;53150;53390;53520;53410;53180;52830;52560;52290;51940;51740;51720;51610;51360;51050;50770;50490;50120;49820;49710
Indre-et-Loire;37;ORLEANS;1;Group 2: 75+;24500;24970;25310;25480;26550;27820;29150;30340;31610;32660;33570;34530;35500;36370;37310;38130;38940;39700;40360;41060;41590;42160;42730;43320;43820;44300;44740;45220;45750;46320;46870;47370;47660
Indre-et-Loire;37;ORLEANS;2;Group 1: 60-75;55980;56880;57870;58670;58550;58320;58180;57940;57940;58020;57840;57690;57750;57800;57820;57710;57740;57480;56930;56480;56050;55540;55180;54820;54590;54460;54260;53870;53650;53500;53410;53370;53430
Indre-et-Loire;37;ORLEANS;2;Group 2: 75+;38190;38760;39380;39850;41300;42870;44430;46010;47380;48630;49980;51200;52330;53470;54590;55620;56520;57480;58290;59050;59690;60370;60990;61550;62070;62410;62660;63030;63370;63690;63880;64110;64150
Isère;38;GRENOBLE;1;Group 1: 60-75;92480;93950;95540;97220;97920;98450;99100;100000;101110;102350;103160;104010;105100;106210;107420;108530;109360;109660;109350;108750;108480;108020;107570;107430;107350;107350;106820;106390;106000;105400;104760;104400;104330
Isère;38;GRENOBLE;1;Group 2: 75+;42270;43490;44780;45490;47570;50010;52270;54590;56650;58340;60220;61970;63570;65120;66720;68260;69640;71120;72550;74090;75530;76950;78590;80190;81620;82910;84130;85470;86860;88410;89900;91080;91970
Isère;38;GRENOBLE;2;Group 1: 60-75;102100;104030;105860;108080;108950;109660;110390;111280;111770;112680;113190;113970;114770;115640;116690;117460;117800;117940;117540;116930;116310;115640;115240;115350;115280;115430;115030;114640;114250;113950;113710;113650;113820
Isère;38;GRENOBLE;2;Group 2: 75+;64560;65880;67130;67830;70160;72750;75350;77790;80390;82610;84980;87090;89200;91330;93190;95220;97180;98940;100810;102650;104460;106180;107890;109340;110790;111940;113110;114290;115560;116790;118000;118800;119360
Jura;39;BESANCON;1;Group 1: 60-75;23580;23960;24400;24770;24840;24780;24880;24990;25140;25330;25480;25690;25780;25840;26000;26000;26030;25950;25810;25560;25390;25100;24880;24710;24530;24450;24210;24030;23910;23700;23540;23410;23340
Jura;39;BESANCON;1;Group 2: 75+;11410;11640;11810;11910;12330;12910;13510;14010;14550;15020;15430;15800;16220;16610;16960;17390;17720;18070;18380;18650;18910;19270;19590;19960;20280;20550;20850;21100;21330;21620;21830;22040;22150
Jura;39;BESANCON;2;Group 1: 60-75;25080;25660;26240;26700;26700;26750;26770;26810;26860;27050;27180;27230;27230;27250;27360;27400;27340;27110;26870;26660;26300;26010;25670;25440;25270;25040;24770;24560;24280;24080;23850;23630;23530
Jura;39;BESANCON;2;Group 2: 75+;17740;17800;17910;17930;18410;18920;19510;20100;20650;21080;21510;21930;22410;22890;23270;23630;24090;24560;24940;25260;25570;25900;26250;26540;26840;27060;27220;27350;27520;27700;27820;27930;27910
Landes;40;PAU;1;Group 1: 60-75;39700;40650;41730;42760;43190;43370;43620;43970;44270;44600;44970;45420;46060;46590;47230;47870;48290;48520;48650;48590;48660;48650;48590;48810;48870;48990;48830;48680;48520;48300;48030;47890;47800
Landes;40;PAU;1;Group 2: 75+;18840;19270;19740;19990;20840;22000;23160;24360;25410;26400;27390;28220;28950;29770;30490;31180;31930;32770;33570;34300;34960;35680;36480;37140;37810;38450;39070;39760;40460;41250;42020;42670;43210
Landes;40;PAU;2;Group 1: 60-75;43890;44970;46070;47080;47430;47800;48060;48460;48840;49310;49680;50080;50410;50820;51450;52060;52490;52710;52830;52750;52690;52540;52400;52470;52520;52670;52680;52570;52470;52370;52110;51990;52010
Landes;40;PAU;2;Group 2: 75+;28700;29050;29450;29730;30780;31890;33200;34480;35700;36810;37930;38930;40050;41110;42010;42960;43850;44800;45670;46520;47340;48190;49090;49910;50640;51270;51840;52430;53070;53770;54500;55070;55470
Loire;42;LYON;1;Group 1: 60-75;62800;63500;64160;64650;64080;63360;63290;63290;63260;63320;63310;63470;63630;64080;64690;65140;65410;65590;65410;65100;64900;64440;63890;63700;63530;63380;63020;62730;62320;61740;61120;60720;60340
Loire;42;LYON;1;Group 2: 75+;30980;31530;32090;32510;33960;35630;37080;38480;39720;40850;42000;42920;43810;44470;45140;45830;46450;47050;47620;48050;48410;49040;49720;50280;50800;51310;51820;52310;52940;53730;54450;55030;55540
Loire;42;LYON;2;Group 1: 60-75;70330;71420;72330;73160;73030;72790;72320;72020;71720;71890;71470;71470;71410;71410;71600;71980;72060;71920;71640;71020;70460;69910;69520;69440;69250;69300;69010;68670;68390;68220;67810;67540;67470
Loire;42;LYON;2;Group 2: 75+;51530;51760;52030;52040;53270;54810;56480;57990;59430;60440;61830;62810;63920;64890;65780;66570;67420;68140;68830;69530;70290;70940;71570;72110;72620;72930;73230;73580;73890;74310;74810;75140;75220
Loire-Atlantique;44;RENNES;1;Group 1: 60-75;100930;103240;105580;107800;108310;108640;109190;109540;110250;111300;111970;112930;114110;115840;117510;119350;120910;122010;122630;122900;123490;123580;124220;125030;125860;127090;127450;128130;128370;128420;128640;129160;129900
Loire-Atlantique;44;RENNES;1;Group 2: 75+;43300;44030;44850;45350;47670;50560;53520;56500;59260;61490;63760;65890;67910;69630;71490;73270;74930;76630;78300;79880;81420;83170;84760;86430;87990;89270;90730;92310;94170;96160;98290;100150;101740
Loire-Atlantique;44;RENNES;2;Group 1: 60-75;115850;118670;121540;124100;125320;125850;126620;127250;127940;128550;128950;129900;130570;132000;133330;134620;136070;137120;137440;137490;138200;138120;138520;139680;140790;142050;142650;143510;143940;144450;144840;145300;146060
Loire-Atlantique;44;RENNES;2;Group 2: 75+;74070;74770;75570;76340;78720;81630;84930;88080;91250;94340;97540;100120;102920;105510;108240;110670;112960;115300;117630;119820;121680;124010;125970;127910;129570;131040;132430;133730;135490;137330;138960;140630;141980
Loiret;45;ORLEANS;1;Group 1: 60-75;53290;54220;55040;55670;55590;55390;55410;55490;55560;55900;56060;56290;56730;57070;57560;58140;58560;58640;58580;58290;58230;57810;57570;57490;57310;57260;56940;56560;56330;55910;55470;55130;54950
Loiret;45;ORLEANS;1;Group 2: 75+;24790;25140;25570;25890;27050;28420;29780;31020;32250;33250;34210;35120;35990;36740;37480;38130;38810;39480;40090;40690;41190;41840;42470;43050;43670;44150;44640;45320;45870;46560;47280;47940;48350
Loiret;45;ORLEANS;2;Group 1: 60-75;58880;60140;61240;62240;62340;62040;61870;62050;62000;62320;62230;62570;62610;62770;63000;63240;63270;63180;62880;62380;62140;61920;61580;61480;61410;61370;61060;60930;60770;60600;60310;60120;60080
Loiret;45;ORLEANS;2;Group 2: 75+;38160;38430;38850;39000;40340;41990;43550;44940;46420;47600;49000;50080;51250;52380;53450;54490;55500;56450;57250;58090;58730;59410;60110;60710;61310;61720;62200;62550;62970;63420;63880;64200;64400
Loir-et-Cher;41;ORLEANS;1;Group 1: 60-75;30640;31160;31650;32110;32090;31990;31900;31820;31800;31830;31820;31820;31840;31970;32050;32200;32260;32180;31900;31620;31450;31090;30770;30550;30290;30120;29860;29550;29200;28820;28380;28060;27840
Loir-et-Cher;41;ORLEANS;1;Group 2: 75+;15890;15930;15990;16030;16500;17180;17820;18480;19100;19630;20120;20500;20980;21310;21720;22100;22480;22810;23210;23530;23820;24080;24360;24670;24940;25140;25290;25550;25770;26060;26370;26630;26770
Loir-et-Cher;41;ORLEANS;2;Group 1: 60-75;33380;34060;34690;35180;35110;34990;34850;34580;34500;34410;34360;34240;34150;34090;34050;34080;33970;33710;33390;33040;32680;32400;32160;31930;31690;31500;31230;30980;30770;30540;30170;29870;29720
Loir-et-Cher;41;ORLEANS;2;Group 2: 75+;24060;23800;23650;23420;23800;24290;24860;25500;26040;26570;27040;27460;27900;28370;28770;29250;29670;30110;30410;30700;30950;31220;31390;31630;31800;31930;31970;32040;32160;32260;32470;32550;32520
Lot;46;AGEN;1;Group 1: 60-75;19650;20080;20580;21020;21080;21030;21040;21050;21050;21140;21090;21080;21020;21000;21010;21030;21050;20900;20730;20550;20400;20190;20030;19960;19860;19800;19680;19560;19510;19340;19180;19110;19120
Lot;46;AGEN;1;Group 2: 75+;10120;10230;10370;10450;10850;11410;11950;12500;12980;13420;13920;14330;14780;15160;15590;15970;16300;16670;17030;17290;17520;17810;18060;18260;18490;18650;18800;18950;19070;19280;19510;19670;19740
Lot;46;AGEN;2;Group 1: 60-75;20690;21210;21750;22270;22330;22350;22470;22590;22630;22740;22810;22790;22680;22760;22790;22720;22660;22450;22170;21950;21800;21500;21200;21050;20910;20830;20710;20590;20480;20330;20180;20060;20030
Lot;46;AGEN;2;Group 2: 75+;14740;14860;15070;15180;15670;16160;16680;17230;17770;18210;18650;19180;19740;20150;20630;21140;21600;22130;22630;22980;23270;23630;24000;24270;24510;24680;24830;24950;25090;25230;25370;25460;25490
Lot-et-Garonne;47;AGEN;1;Group 1: 60-75;31740;32180;32670;33300;33290;33210;33120;33230;33230;33280;33270;33220;33130;33260;33380;33460;33360;33140;32810;32480;32170;31860;31490;31310;31200;31160;30960;30850;30640;30450;30240;30190;30180
Lot-et-Garonne;47;AGEN;1;Group 2: 75+;17280;17520;17710;17750;18270;19070;19920;20620;21370;22020;22650;23220;23820;24250;24690;25170;25610;26050;26570;26930;27320;27720;28170;28570;28910;29210;29430;29660;29950;30270;30620;30780;30870
Lot-et-Garonne;47;AGEN;2;Group 1: 60-75;35370;35960;36640;37360;37370;37540;37570;37600;37740;37960;38070;38140;38080;38020;38100;38120;37950;37640;37310;36950;36540;36000;35640;35320;35130;34960;34730;34560;34430;34240;34020;33970;34000
Lot-et-Garonne;47;AGEN;2;Group 2: 75+;25340;25650;25910;25960;26670;27490;28380;29280;30040;30710;31500;32190;32940;33670;34300;35000;35640;36300;36920;37400;37990;38560;39060;39530;39960;40360;40620;40830;41030;41270;41550;41640;41610
Lozère;48;NIMES;1;Group 1: 60-75;7780;7980;8140;8300;8330;8330;8370;8370;8380;8440;8430;8460;8440;8470;8530;8520;8520;8500;8450;8360;8260;8200;8100;8010;7940;7920;7840;7780;7680;7590;7540;7500;7450
Lozère;48;NIMES;1;Group 2: 75+;3790;3830;3870;3890;4040;4240;4410;4630;4810;4940;5100;5260;5430;5560;5700;5830;5970;6080;6190;6310;6410;6520;6630;6760;6830;6910;7000;7070;7160;7280;7350;7440;7480
Lozère;48;NIMES;2;Group 1: 60-75;7660;7800;8020;8160;8200;8200;8220;8260;8250;8290;8330;8390;8410;8430;8480;8460;8470;8390;8290;8190;8130;8040;7960;7950;7930;7890;7830;7810;7760;7680;7630;7580;7550
Lozère;48;NIMES;2;Group 2: 75+;5510;5550;5560;5600;5760;5930;6120;6280;6450;6610;6720;6870;7000;7150;7280;7440;7590;7790;7930;8070;8170;8300;8400;8480;8570;8630;8710;8760;8820;8880;8950;8990;9020
Maine-et-Loire;49;ANGERS;1;Group 1: 60-75;61510;62890;64130;65480;65750;65850;66340;66570;66760;67150;67350;67760;68100;68470;68960;69470;69950;70220;70070;70130;70040;69680;69550;69720;69800;69900;69720;69550;69420;69190;68760;68440;68230
Maine-et-Loire;49;ANGERS;1;Group 2: 75+;30260;30530;30930;31050;32030;33510;34880;36290;37820;39040;40350;41450;42690;43910;45120;46380;47470;48480;49610;50430;51310;52350;53230;54100;54910;55610;56300;57070;57860;58750;59740;60590;61250
Maine-et-Loire;49;ANGERS;2;Group 1: 60-75;68140;69720;71300;72840;73460;73740;74240;74580;74790;75040;75080;75310;75400;75640;75770;76260;76610;76440;76050;75560;75180;74540;74050;74000;74170;74270;74000;73890;73850;73760;73330;72970;72960
Maine-et-Loire;49;ANGERS;2;Group 2: 75+;47860;48180;48620;48890;50150;51720;53310;54910;56600;58030;59580;61010;62450;63890;65460;66800;68120;69520;70920;72220;73360;74650;75740;76760;77520;78160;78780;79310;79930;80580;81350;82000;82290
Manche;50;CAEN;1;Group 1: 60-75;46620;47830;49200;50170;50660;50790;51060;51260;51290;51310;51390;51290;51220;51120;51210;51230;51090;50460;49960;49290;48710;48100;47450;47150;46900;46640;46410;46070;45800;45400;45090;44850;44850
Manche;50;CAEN;1;Group 2: 75+;22660;22930;23260;23440;24240;25460;26630;27840;29090;30220;31220;32220;33220;34240;35130;35990;36880;37930;38730;39530;40220;40980;41680;42270;42760;43180;43490;43830;44210;44660;45060;45380;45460
Manche;50;CAEN;2;Group 1: 60-75;50030;51190;52460;53670;54210;54410;54620;54870;55010;55170;55170;55250;55270;55290;55270;55270;55190;54930;54370;53620;52910;52300;51670;51320;50900;50620;50160;49820;49440;49000;48530;48200;47940
Manche;50;CAEN;2;Group 2: 75+;36820;36810;36860;36800;37540;38660;39740;40810;41910;42980;44010;44970;45890;46870;47890;48860;49720;50720;51670;52610;53480;54280;55050;55690;56300;56670;57020;57290;57590;57900;58200;58360;58440
Marne;51;REIMS;1;Group 1: 60-75;43910;44410;44910;45450;45090;44880;44630;44560;44360;44280;44230;44280;44170;44490;44590;44740;44950;44830;44510;44140;43860;43290;42950;42780;42580;42280;42010;41660;41250;41010;40670;40320;40120
Marne;51;REIMS;1;Group 2: 75+;18240;18580;19000;19220;20280;21400;22590;23620;24680;25610;26390;27000;27750;28250;28730;29220;29610;30030;30510;30850;31210;31610;32000;32340;32690;32960;33230;33480;33910;34210;34570;34960;35140
Marne;51;REIMS;2;Group 1: 60-75;50240;51410;52390;53120;52910;52410;52180;51760;51340;51080;50700;50370;50100;49860;49730;49830;49740;49190;48590;48000;47650;46960;46700;46300;46120;45840;45510;45100;44750;44360;43890;43480;43410
Marne;51;REIMS;2;Group 2: 75+;30990;30920;31120;31190;32200;33450;34690;35860;37280;38280;39450;40410;41390;42220;43010;43700;44430;45190;45730;46170;46430;46860;47070;47410;47540;47660;47650;47710;47700;47760;47940;48090;47920
Mayenne;53;ANGERS;1;Group 1: 60-75;25410;26140;26710;27350;27640;27680;27640;27790;27880;28060;28040;28190;28300;28420;28570;28660;28730;28780;28600;28370;28210;28010;27850;27710;27640;27580;27360;27240;27020;26750;26420;26130;25920
Mayenne;53;ANGERS;1;Group 2: 75+;13400;13390;13490;13470;13830;14440;15140;15700;16310;16830;17450;17890;18300;18790;19290;19810;20280;20700;21190;21640;21990;22360;22730;23110;23440;23690;23950;24150;24430;24760;25050;25330;25530
Mayenne;53;ANGERS;2;Group 1: 60-75;27210;27750;28300;28920;29000;29090;29120;29210;29180;29330;29320;29330;29450;29510;29610;29760;29770;29860;29640;29460;29260;29060;28850;28770;28590;28540;28360;28040;27800;27550;27230;27060;26880
Mayenne;53;ANGERS;2;Group 2: 75+;20360;20440;20430;20420;20910;21480;22110;22740;23410;23910;24450;24920;25400;25950;26480;26930;27350;27720;28200;28600;29010;29430;29860;30200;30550;30750;30910;31180;31440;31710;31950;32070;32210
Meurthe-et-Moselle;54;NANCY;1;Group 1: 60-75;56020;57190;58200;59110;59020;59020;58640;58620;58430;58380;58100;57870;57750;57780;57720;57660;57560;57300;56730;56130;55440;54920;54550;54460;54620;54520;54360;54080;53820;53630;53440;53240;53080
Meurthe-et-Moselle;54;NANCY;1;Group 2: 75+;24720;24830;25060;25030;26070;27370;28720;29930;31160;32090;33170;34150;35090;35930;36760;37490;38230;38930;39570;40150;40790;41220;41770;42190;42480;42760;42980;43290;43660;43980;44280;44580;44780
Meurthe-et-Moselle;54;NANCY;2;Group 1: 60-75;63110;64680;66010;67250;67470;67530;67540;67500;67490;67140;66840;66430;66130;65670;65440;65120;64700;64060;63080;62140;61330;60410;59760;59370;59310;59120;58870;58450;58230;57950;57680;57510;57520
Meurthe-et-Moselle;54;NANCY;2;Group 2: 75+;41430;41300;41330;41200;42220;43430;44670;45930;47100;48220;49340;50420;51590;52680;53710;54720;55710;56620;57500;58330;59050;59770;60380;60930;61100;61250;61270;61440;61430;61510;61610;61570;61330
Meuse;55;NANCY;1;Group 1: 60-75;17260;17650;17990;18270;18280;18200;18090;18030;17870;17740;17580;17440;17360;17220;17090;16990;16880;16700;16410;16090;15750;15420;15150;15000;14860;14730;14590;14430;14320;14180;14040;13910;13810
Meuse;55;NANCY;1;Group 2: 75+;7240;7280;7370;7440;7800;8270;8740;9120;9520;9890;10260;10550;10820;11050;11270;11470;11660;11890;12110;12310;12490;12650;12760;12840;12940;12980;13020;13100;13100;13150;13180;13230;13250
Meuse;55;NANCY;2;Group 1: 60-75;18080;18450;18830;19060;19070;19030;18950;18890;18810;18680;18480;18200;18000;17760;17610;17420;17350;17140;16890;16570;16270;15910;15630;15410;15170;15030;14820;14650;14480;14320;14150;13960;13850
Meuse;55;NANCY;2;Group 2: 75+;12080;11980;11940;11920;12190;12520;12910;13270;13640;14040;14380;14770;15110;15500;15780;16060;16250;16480;16670;16860;17020;17180;17320;17440;17510;17500;17440;17410;17390;17340;17300;17270;17160
Morbihan;56;RENNES;1;Group 1: 60-75;71250;73630;75910;77870;78850;79520;80260;80830;81460;82230;82990;83690;84330;85000;85780;86540;87230;87310;87310;86950;86650;86150;85890;85860;85900;85980;85910;85580;85270;84720;84190;83720;83570
Morbihan;56;RENNES;1;Group 2: 75+;32020;32560;33290;33820;35510;37660;39880;42080;44190;46030;47730;49340;51080;52740;54510;56130;57740;59400;60900;62440;63810;65320;66690;68040;69290;70370;71370;72500;73640;75010;76330;77580;78370
Morbihan;56;RENNES;2;Group 1: 60-75;79450;82130;84780;87190;88380;89170;90000;90870;91480;92250;92910;93730;94120;94610;95290;96090;96670;96790;96400;95850;95410;94680;94140;94050;94140;94290;93930;93790;93500;92990;92340;91890;91650
Morbihan;56;RENNES;2;Group 2: 75+;52490;53120;53920;54630;56640;59130;61680;64230;66760;68920;71040;73140;75500;77800;80040;82160;84270;86430;88550;90510;92350;94260;96140;97710;99030;100110;101280;102300;103380;104600;105860;106930;107670
Moselle;57;METZ;1;Group 1: 60-75;84480;86530;88700;90650;91420;91980;92710;93140;93530;93820;93810;93680;93730;93920;93800;93720;93430;92800;91690;90560;89730;88660;87810;87610;87390;87260;87110;86850;86470;86350;86100;86030;86030
Moselle;57;METZ;1;Group 2: 75+;36440;36810;36980;36990;38200;39860;41580;43490;45180;46830;48480;50010;51390;52870;54340;55740;57090;58370;59680;60850;61940;63180;64350;65320;66190;66870;67350;67910;68700;69280;69890;70330;70520
Moselle;57;METZ;2;Group 1: 60-75;93000;95250;97920;100330;101760;102880;103760;104430;104830;104980;104750;104440;103900;103400;102820;102620;101820;100590;99240;97600;96320;94870;93650;93030;92760;92620;92210;92040;91860;91540;91050;91240;91380
Moselle;57;METZ;2;Group 2: 75+;58270;58630;58750;58490;59520;60900;62620;64450;66400;68140;69920;71760;73740;75710;77760;79480;81140;82890;84420;85940;87380;88810;90140;91280;91980;92380;92730;92980;93270;93560;93940;93790;93430
Nièvre;58;BOURGES;1;Group 1: 60-75;22380;22730;23020;23190;23060;22700;22410;22170;21770;21530;21300;21110;20820;20660;20560;20410;20210;20010;19690;19380;19120;18860;18580;18400;18250;18130;17940;17750;17550;17340;17120;16950;16830
Nièvre;58;BOURGES;1;Group 2: 75+;10900;10910;10960;11010;11360;11940;12490;12950;13520;13920;14300;14610;14990;15280;15520;15750;15980;16150;16360;16510;16600;16720;16800;16850;16910;16940;16970;16970;17030;17150;17210;17240;17250
Nièvre;58;BOURGES;2;Group 1: 60-75;24410;24670;25010;25220;25140;24850;24600;24380;24100;23780;23550;23320;22930;22670;22500;22270;22110;21810;21540;21170;20900;20530;20180;19970;19790;19610;19410;19210;19060;18840;18610;18420;18310
Nièvre;58;BOURGES;2;Group 2: 75+;18250;18250;18260;18190;18490;18980;19470;19960;20440;20890;21230;21540;22030;22290;22570;22850;23030;23290;23450;23640;23740;23880;24040;24090;24090;24070;24030;23970;23880;23870;23820;23760;23640
Nord;59;DOUAI;1;Group 1: 60-75;179470;182940;186210;188520;188650;187760;187260;187620;187370;187770;187160;187110;187320;187670;188840;189820;190430;190150;189450;188130;187420;186230;185030;185100;185140;185660;185090;184620;184090;183060;181950;181140;180720
Nord;59;DOUAI;1;Group 2: 75+;68600;69180;70300;71240;74690;79370;83720;87550;91530;94730;97950;100770;103440;106080;108440;110890;112970;115240;117290;119280;120930;122640;124550;126160;127750;128680;129800;131070;132520;134470;136460;138020;139160
Nord;59;DOUAI;2;Group 1: 60-75;210600;215870;220040;223430;223820;223140;222900;222650;221680;221670;220840;219730;219000;218410;218050;218300;218110;216980;215430;213430;211910;210040;208550;208390;208210;207830;207170;206700;206440;205810;204830;203880;203640
Nord;59;DOUAI;2;Group 2: 75+;125980;125770;126300;126580;130360;135150;139840;144300;149140;153020;157250;161310;165100;168700;172380;175430;178680;181570;184180;186650;188660;190800;192670;194080;195370;196220;196670;197200;197730;198570;199560;200430;200430
Oise;60;AMIENS;1;Group 1: 60-75;60910;61790;62960;64080;64180;64160;64220;64700;64940;65230;65280;65570;66060;66590;67360;67940;68430;68550;68320;67930;67770;67300;66810;66770;66760;66720;66340;65930;65650;65240;64870;64580;64430
Oise;60;AMIENS;1;Group 2: 75+;23000;23610;24180;24630;25940;27480;29200;30620;32050;33260;34520;35620;36590;37460;38290;39100;39780;40590;41480;42180;42840;43610;44520;45270;45930;46460;47050;47760;48440;49320;50100;50770;51280
Oise;60;AMIENS;2;Group 1: 60-75;66640;68300;69830;71160;71500;71530;71850;72200;72280;72550;72480;72420;72300;72520;72770;72880;72940;72730;72420;71990;71750;71220;70760;70710;70500;70450;70210;70060;70000;69790;69600;69460;69420
Oise;60;AMIENS;2;Group 2: 75+;36700;36980;37440;37700;39060;40730;42360;44000;45770;47310;48850;50340;51810;52980;54240;55480;56600;57710;58680;59590;60390;61350;62280;63090;63840;64310;64730;65090;65520;66060;66510;66860;67060
Orne;61;CAEN;1;Group 1: 60-75;27650;28050;28500;28930;28850;28630;28440;28360;28180;27980;27750;27630;27600;27480;27440;27330;27270;27040;26640;26240;25980;25610;25200;24940;24800;24610;24300;24030;23750;23420;23060;22770;22570
Orne;61;CAEN;1;Group 2: 75+;13680;13710;13740;13680;14080;14680;15300;15900;16500;17030;17580;18070;18400;18790;19210;19620;19920;20220;20530;20770;20940;21150;21410;21580;21690;21790;21910;22020;22120;22310;22480;22600;22600
Orne;61;CAEN;2;Group 1: 60-75;29430;29860;30370;30830;30870;30720;30490;30450;30310;30230;29920;29760;29530;29270;29130;28930;28760;28510;28140;27640;27250;26840;26390;26090;25820;25610;25270;25020;24740;24430;24130;23870;23640
Orne;61;CAEN;2;Group 2: 75+;21800;21780;21710;21600;22040;22650;23360;23890;24490;24960;25580;26110;26610;27170;27610;28060;28420;28770;29150;29490;29790;30060;30330;30530;30620;30640;30700;30660;30650;30670;30650;30610;30500
Paris;75;PARIS;1;Group 1: 60-75;138920;139200;139840;140310;138970;138070;137360;136990;136550;136580;136220;136280;136250;136660;137260;138210;138420;138210;137600;136310;135420;133960;132580;131900;130950;130170;128730;127530;126370;125300;124060;123320;122760
Paris;75;PARIS;1;Group 2: 75+;63370;65050;66530;67140;70310;73550;76890;79380;81900;83870;85720;87220;88870;90300;91480;92560;93710;94900;95780;96890;97990;99260;100240;101170;102050;102620;103280;104010;104930;105930;107160;108010;108650
Paris;75;PARIS;2;Group 1: 60-75;172040;172670;173490;173900;172290;170540;169310;168430;167600;167430;166540;165890;165580;165090;165110;164870;164670;163560;162260;160390;158780;156510;154480;153310;151960;151040;149670;148440;147530;146600;145700;145230;145240
Paris;75;PARIS;2;Group 2: 75+;105650;107270;109000;110240;114100;118110;122140;125730;128740;131100;133550;135480;137450;139300;140770;142270;143530;144880;145920;147100;148050;149300;150420;151100;151760;151900;151880;152110;152250;152600;152870;153070;152810
Pas-de-Calais;62;DOUAI;1;Group 1: 60-75;113230;115740;118260;120550;120950;120790;120760;120890;120910;120980;120460;120610;120770;121030;121500;121850;122230;121740;121070;120130;119600;118560;117860;117490;117430;117730;117240;116810;116700;116110;115470;114880;114570
Pas-de-Calais;62;DOUAI;1;Group 2: 75+;41320;41660;42320;42530;44620;47500;50540;53430;56190;58660;61190;63260;65270;66990;68780;70600;72070;73670;75140;76410;77480;78750;80010;81090;82070;82680;83520;84400;85230;86360;87530;88540;89050
Pas-de-Calais;62;DOUAI;2;Group 1: 60-75;130660;134140;136960;139380;139730;139360;138870;138400;137440;136930;136140;135470;134870;134310;134200;134350;134200;133580;132530;131220;130380;129420;128490;128330;128120;128060;127560;127080;126560;125920;125020;124200;123670
Pas-de-Calais;62;DOUAI;2;Group 2: 75+;78170;77450;77260;76890;78980;81630;84610;87550;90620;93180;95800;98210;100690;103200;105300;107240;109220;110970;112570;114050;115130;116230;117240;117850;118310;118570;118690;118970;119360;119840;120490;121000;121080
Puy-de-Dôme;63;RIOM;1;Group 1: 60-75;56020;56890;57640;58250;58070;57640;57550;57420;57260;57090;57060;57240;57430;57690;57900;58330;58560;58530;58450;58030;57910;57660;57350;57340;57430;57430;57200;56880;56700;56530;56230;56010;56080
Puy-de-Dôme;63;RIOM;1;Group 2: 75+;24380;24950;25560;25910;27300;28840;30210;31640;32980;34110;35220;36090;37020;37830;38690;39330;40050;40720;41260;41880;42290;42830;43370;43840;44170;44570;44990;45510;46060;46620;47240;47800;48170
Puy-de-Dôme;63;RIOM;2;Group 1: 60-75;62010;63100;64100;64750;64660;64180;63880;63690;63430;63300;62910;62720;62400;62380;62420;62460;62340;61910;61510;60870;60570;60050;59660;59490;59380;59340;59100;59050;58840;58700;58450;58270;58340
Puy-de-Dôme;63;RIOM;2;Group 2: 75+;40970;41370;41810;42190;43490;45120;46700;48130;49660;50910;52270;53420;54670;55730;56700;57620;58570;59440;60100;60800;61280;61860;62370;62850;63180;63370;63520;63670;63920;64170;64420;64610;64520
Pyrénées-Atlantiques;64;PAU;1;Group 1: 60-75;59190;60370;61560;62840;63280;63700;64070;64520;65000;65620;66050;66570;67040;67590;68270;68800;69200;69220;69100;68680;68550;68350;68220;68130;67970;68040;67830;67760;67630;67430;67100;67000;67130
Pyrénées-Atlantiques;64;PAU;1;Group 2: 75+;30490;31050;31600;31890;33030;34280;35650;37060;38410;39660;40890;42050;43130;44210;45280;46440;47510;48570;49680;50700;51580;52520;53520;54480;55450;56240;57050;57810;58640;59620;60630;61420;61910
Pyrénées-Atlantiques;64;PAU;2;Group 1: 60-75;67080;68590;70190;71640;72270;72750;73010;73470;73880;74650;74820;75340;75820;75990;76430;77010;77460;77290;77030;76400;75940;75620;75200;75300;75200;75490;75350;75270;75430;75400;75090;75050;75390
Pyrénées-Atlantiques;64;PAU;2;Group 2: 75+;49930;50490;51110;51570;53100;54840;56640;58370;60020;61360;62990;64330;65690;67180;68600;70060;71350;72780;74150;75540;76880;78070;79330;80410;81500;82270;83030;83800;84440;85230;86180;86920;87260
Pyrénées-Orientales;66;MONTPELLIER;1;Group 1: 60-75;44740;45500;46410;47310;47600;47940;48360;48620;48820;49190;49410;49660;50230;50490;51060;51490;51910;52020;51990;51700;51440;51110;50920;50850;50860;50920;50740;50430;50340;50000;49740;49620;49650
Pyrénées-Orientales;66;MONTPELLIER;1;Group 2: 75+;23300;23870;24370;24690;25720;26910;28180;29440;30760;31750;32790;33770;34660;35560;36380;37140;37860;38630;39440;40200;40970;41880;42680;43440;44100;44660;45210;45950;46550;47350;48060;48700;49140
Pyrénées-Orientales;66;MONTPELLIER;2;Group 1: 60-75;50960;52060;53210;54280;54530;54740;55040;55260;55620;56070;56440;56890;57150;57600;58060;58680;58980;58970;58790;58560;58300;57940;57690;57580;57510;57550;57400;57350;57160;57040;56780;56560;56700
Pyrénées-Orientales;66;MONTPELLIER;2;Group 2: 75+;35690;36230;36690;37200;38520;39990;41490;43000;44480;45700;46890;48010;49170;50250;51280;52250;53300;54310;55380;56320;57220;58200;59120;60030;60770;61400;62000;62520;63110;63710;64440;65000;65250
Rhône;69;LYON;1;Group 1: 60-75;115410;116060;116910;118430;118290;117950;118520;119180;120360;121550;122380;123480;124460;126090;127740;129460;130810;131600;131770;131530;131670;131330;131290;131420;131900;132400;132520;132730;132800;132890;132850;133110;133620
Rhône;69;LYON;1;Group 2: 75+;58170;59680;61050;61600;63800;66580;68950;71150;73180;74770;76320;77640;78890;80060;81240;82350;83470;84650;86070;87350;88600;90200;91750;93550;95080;96330;97660;98900;100590;102350;104160;105790;107020
Rhône;69;LYON;2;Group 1: 60-75;136800;138110;139800;141240;140920;140580;140830;141420;141580;142490;142620;143210;143650;144340;144760;145420;145920;146130;145860;145540;145290;145100;144660;145280;145600;146190;146310;146760;147270;147850;148450;149230;150210
Rhône;69;LYON;2;Group 2: 75+;93930;95360;96480;97130;99940;103160;105730;108520;111160;113250;115680;117570;119560;121410;123530;125360;126990;128630;130060;131540;133070;134550;136390;137690;139090;140100;141030;141860;142880;143890;144950;145750;146370
Saône-et-Loire;71;DIJON;1;Group 1: 60-75;53530;54370;55330;56210;56050;55780;55810;55860;55890;55920;55820;55780;55610;55600;55500;55610;55580;55220;54670;54200;53640;52980;52390;52060;51720;51410;51040;50690;50350;49950;49450;49130;48960
Saône-et-Loire;71;DIJON;1;Group 2: 75+;26450;26790;27200;27340;28440;29870;31160;32400;33560;34550;35590;36480;37440;38260;39150;39930;40580;41340;42040;42570;43090;43730;44340;44890;45320;45670;45970;46260;46620;47010;47510;47810;47990
Saône-et-Loire;71;DIJON;2;Group 1: 60-75;57910;58790;59640;60410;60260;59850;59650;59480;59270;59310;59140;59010;58960;58900;58880;58820;58650;58340;57780;57050;56450;55720;55030;54600;54240;53850;53390;52970;52400;51840;51430;51110;50880
Saône-et-Loire;71;DIJON;2;Group 2: 75+;41900;42080;42230;42250;43340;44740;45990;47240;48490;49490;50570;51500;52380;53290;54230;55050;55800;56490;57130;57750;58280;58840;59380;59840;60270;60510;60670;60840;61090;61380;61600;61680;61610
Sarthe;72;ANGERS;1;Group 1: 60-75;47540;48360;49170;49880;49950;49980;50100;50090;50000;50100;50110;50070;49990;50150;50400;50670;50910;50820;50460;50110;49680;49190;48710;48470;48150;47840;47400;47020;46520;45960;45260;44620;44150
Sarthe;72;ANGERS;1;Group 2: 75+;23190;23470;23800;23960;24800;25910;27010;28160;29200;30030;30950;31810;32690;33400;34110;34820;35440;36100;36720;37260;37860;38470;39040;39440;39850;40240;40570;40890;41300;41820;42370;42850;43130
Sarthe;72;ANGERS;2;Group 1: 60-75;52030;53220;54370;55170;55470;55480;55410;55480;55350;55280;55080;54870;54740;54670;54880;54740;54500;54210;53790;53190;52610;52120;51450;51220;51140;50960;50550;50210;49780;49250;48800;48460;48210
Sarthe;72;ANGERS;2;Group 2: 75+;36570;36720;36750;36820;37520;38610;39650;40720;41800;42780;43740;44700;45660;46580;47350;48310;49270;50070;50740;51430;52050;52590;53240;53660;54020;54230;54430;54620;54870;55210;55450;55610;55590
Savoie;73;CHAMBERY;1;Group 1: 60-75;35280;35960;36890;37590;37990;38290;38750;39240;39610;40140;40430;40790;41300;41790;42080;42440;42750;42820;42840;42580;42430;42130;41850;41810;41790;41820;41680;41490;41340;41240;40960;40810;40750
Savoie;73;CHAMBERY;1;Group 2: 75+;16140;16610;17000;17360;18120;19080;19980;20880;21820;22620;23450;24190;24890;25580;26330;27080;27680;28400;29020;29710;30310;31020;31750;32420;33100;33620;34150;34770;35370;35920;36530;37000;37370
Savoie;73;CHAMBERY;2;Group 1: 60-75;38490;39180;39990;40770;41190;41400;41770;42130;42420;42750;43040;43400;43760;44160;44590;44840;45090;45070;45070;44810;44710;44420;44160;44330;44380;44390;44290;44230;44160;44020;43800;43730;43870
Savoie;73;CHAMBERY;2;Group 2: 75+;25570;26120;26560;26860;27660;28670;29700;30760;31710;32590;33450;34270;35130;35890;36720;37630;38410;39190;39900;40630;41300;42120;42900;43510;44080;44580;45080;45610;46110;46690;47220;47610;47810
Seine-et-Marne;77;PARIS;1;Group 1: 60-75;91400;93290;95150;96790;97410;98220;98800;99520;100210;101240;101950;102500;103160;104300;105720;107210;108280;108820;109140;109050;108930;108720;108580;108960;109180;109580;109540;109520;109270;108900;108260;107880;107730
Seine-et-Marne;77;PARIS;1;Group 2: 75+;34000;35080;36240;37220;39390;41790;44280;46580;48780;50620;52480;54120;55870;57390;58710;60070;61470;62860;64260;65620;67060;68430;69770;71030;72290;73390;74310;75390;76690;78130;79660;80990;82020
Seine-et-Marne;77;PARIS;2;Group 1: 60-75;99940;102010;104560;106790;107780;108540;109450;110380;111330;111950;112440;112810;113380;114250;114960;115790;116650;116720;116580;116230;116030;115690;115390;115680;116000;116420;116550;116570;116600;116660;116570;116630;116900
Seine-et-Marne;77;PARIS;2;Group 2: 75+;53860;55420;56740;57630;60110;62850;65490;68120;70600;72900;75360;77670;79950;82020;84210;86270;88090;90070;91770;93550;95220;96920;98610;100140;101280;102430;103330;104340;105450;106560;107670;108710;109330
Seine-Maritime;76;ROUEN;1;Group 1: 60-75;98060;99420;101080;102340;102220;101690;101410;101470;101240;100850;100230;99680;99530;99230;99390;99640;99760;99310;98450;97400;96660;95590;94710;94470;94330;94310;94060;93520;93080;92580;92020;91500;91240
Seine-Maritime;76;ROUEN;1;Group 2: 75+;41840;42580;43350;43720;45640;48130;50580;52630;54750;56700;58600;60350;61990;63560;64940;66120;67210;68470;69500;70490;71300;72280;73230;73980;74530;74910;75270;75880;76430;77240;78020;78710;79140
Seine-Maritime;76;ROUEN;2;Group 1: 60-75;112640;115100;117260;119070;119130;118580;118450;117920;117190;116660;115810;115070;114580;113860;113670;113340;112740;111900;110780;109180;107890;106200;105260;104970;104600;104500;104090;103500;103120;102540;101840;101310;101080
Seine-Maritime;76;ROUEN;2;Group 2: 75+;72260;72670;73130;73440;75710;78450;81130;83690;86240;88680;91120;93360;95530;97790;99680;101450;103320;104920;106410;107770;108790;110010;110760;111280;111780;111960;112060;112300;112470;112800;113010;113130;112930
Seine-Saint-Denis;93;PARIS;1;Group 1: 60-75;90510;92680;94810;96320;97160;97870;98980;100030;100860;102330;103240;104340;105460;106590;108000;109390;110690;111380;111990;112190;112890;113250;113450;114520;115050;115510;115360;115450;115340;115160;114750;114390;114360
Seine-Saint-Denis;93;PARIS;1;Group 2: 75+;33080;33900;34740;35590;37380;39440;41230;43110;45000;46420;47820;49190;50520;51980;53310;54730;56120;57480;58670;59920;61110;62390;63690;64860;66170;67170;68260;69380;70630;72020;73470;74880;75940
Seine-Saint-Denis;93;PARIS;2;Group 1: 60-75;96680;99380;101860;104480;106320;107540;108690;109920;110440;111410;111870;112100;112800;113390;114150;114560;115300;115350;115330;115190;115320;115480;115610;116870;117590;118490;119170;119670;120470;120960;121410;121840;122470
Seine-Saint-Denis;93;PARIS;2;Group 2: 75+;50300;50410;50670;50560;51570;53240;54760;56460;58320;60040;61850;63690;65330;66870;68530;70280;71920;73500;75050;76660;78140;79480;80900;81920;83110;83960;84650;85530;86270;87170;87970;88880;89350
Somme;80;AMIENS;1;Group 1: 60-75;45860;46680;47480;48040;48100;48180;48160;48150;48020;48150;48100;48160;48280;48400;48720;48980;49140;48950;48800;48390;47860;47320;46920;46720;46400;46140;45830;45360;45020;44530;44060;43700;43500
Somme;80;AMIENS;1;Group 2: 75+;18950;19150;19470;19510;20330;21420;22570;23570;24670;25570;26480;27250;27980;28660;29250;29840;30390;30970;31360;31850;32390;32920;33360;33780;34250;34620;34960;35380;35780;36330;36840;37250;37460
Somme;80;AMIENS;2;Group 1: 60-75;51010;52100;53210;54010;53910;53730;53610;53460;53420;53300;53210;53290;53310;53240;53330;53460;53710;53440;53060;52630;52210;51780;51510;51170;50950;50760;50240;49920;49610;49060;48500;47840;47510
Somme;80;AMIENS;2;Group 2: 75+;31880;31940;32110;32190;33210;34360;35520;36640;37920;38910;39910;40750;41590;42470;43300;44150;44860;45640;46270;46790;47250;47740;48140;48720;49010;49310;49590;49820;50020;50350;50750;51160;51250
Tarn;81;TOULOUSE;1;Group 1: 60-75;35560;36350;37050;37740;37800;37860;38010;38240;38460;38850;38960;39170;39390;39550;39920;40220;40390;40370;40270;40090;39920;39720;39530;39510;39350;39360;39250;39070;39000;38750;38560;38450;38450
Tarn;81;TOULOUSE;1;Group 2: 75+;19350;19400;19540;19470;20140;21040;21790;22580;23400;24020;24710;25350;26020;26650;27220;27810;28390;29000;29510;30020;30560;31050;31640;32190;32710;33050;33430;33850;34200;34740;35210;35620;35870
Tarn;81;TOULOUSE;2;Group 1: 60-75;39330;39990;40690;41490;41740;41740;41830;42000;42110;42350;42430;42620;42910;43020;43250;43500;43780;43890;43790;43520;43400;43210;43080;43060;42940;42930;42770;42580;42480;42270;42050;41870;41950
Tarn;81;TOULOUSE;2;Group 2: 75+;29300;29450;29480;29360;29950;30750;31540;32320;33180;33940;34700;35370;36030;36810;37630;38380;39030;39620;40240;40900;41420;41980;42570;43100;43640;44000;44340;44730;45090;45570;46000;46390;46610
Tarn-et-Garonne;82;TOULOUSE;1;Group 1: 60-75;22260;22790;23320;23850;24010;24080;24170;24500;24650;24940;25030;25210;25450;25640;25850;26170;26320;26400;26440;26460;26440;26440;26330;26420;26430;26490;26410;26330;26260;26170;25950;25870;25820
Tarn-et-Garonne;82;TOULOUSE;1;Group 2: 75+;11030;11280;11450;11500;11940;12610;13200;13700;14240;14750;15290;15720;16120;16520;16950;17390;17820;18220;18600;18980;19350;19710;20160;20510;20910;21190;21460;21770;22080;22420;22840;23170;23390
Tarn-et-Garonne;82;TOULOUSE;2;Group 1: 60-75;24040;24620;25230;25860;26090;26320;26550;26730;26930;27000;27220;27470;27720;27910;28200;28560;28770;29030;29040;29000;29100;29010;29030;29050;29140;29170;29030;28870;28850;28750;28510;28360;28230
Tarn-et-Garonne;82;TOULOUSE;2;Group 2: 75+;16240;16420;16510;16590;17100;17590;18200;18800;19440;20100;20630;21210;21810;22350;22840;23350;23860;24350;24860;25350;25770;26280;26710;27170;27510;27840;28240;28620;28920;29280;29680;30010;30300
Territoire-de-Belfort;90;BESANCON;1;Group 1: 60-75;11240;11410;11480;11630;11500;11340;11340;11260;11200;11240;11320;11370;11370;11350;11300;11270;11170;11150;11030;10910;10790;10670;10570;10500;10350;10220;10060;9920;9820;9710;9600;9540;9470
Territoire-de-Belfort;90;BESANCON;1;Group 2: 75+;4970;4960;4970;4900;5070;5300;5450;5620;5770;5880;6010;6100;6240;6350;6480;6550;6680;6740;6830;6890;6920;7000;7070;7110;7200;7320;7400;7460;7500;7560;7570;7580;7600
Territoire-de-Belfort;90;BESANCON;2;Group 1: 60-75;12340;12600;12750;12980;13000;12960;13030;13020;12990;13010;12960;12960;12870;12850;12760;12750;12630;12600;12450;12240;12060;11890;11700;11570;11510;11460;11340;11300;11210;11160;11050;10990;10920
Territoire-de-Belfort;90;BESANCON;2;Group 2: 75+;8070;7990;7970;7880;8030;8230;8350;8600;8820;8970;9150;9320;9540;9710;9910;10070;10250;10380;10540;10680;10800;10920;11060;11160;11230;11230;11280;11290;11320;11330;11360;11340;11360
Val-de-Marne;94;PARIS;1;Group 1: 60-75;83060;84840;86770;88370;89170;89880;90490;91320;91990;93140;93880;94630;95110;95870;96940;97690;98350;98610;98650;98390;98230;97770;97510;97640;97400;97590;97060;96730;96370;95830;95260;94900;94640
Val-de-Marne;94;PARIS;1;Group 2: 75+;36130;36880;37670;38150;39780;41550;43610;45260;46900;48260;49470;50780;52170;53340;54510;55990;57270;58650;59850;61150;62350;63680;64870;65970;67180;68070;69020;69860;70810;71970;73170;74190;75030
Val-de-Marne;94;PARIS;2;Group 1: 60-75;96330;98530;100870;103100;104100;105040;106160;106990;107820;108870;109580;109950;110740;111070;111960;112540;113240;113400;113070;112790;112680;112250;112050;112400;112800;113310;113420;113520;113980;114000;114150;114220;114670
Val-de-Marne;94;PARIS;2;Group 2: 75+;60870;61480;61940;62330;64030;65800;67700;69840;71800;73370;74950;76650;78280;79930;81580;83200;84830;86470;88170;89770;91250;92940;94530;95950;97190;98180;98980;99970;100700;101760;102650;103610;104210
Val-d'Oise;95;VERSAILLES;1;Group 1: 60-75;75230;76860;78540;80050;80590;80680;80930;81530;81920;82530;82570;82910;83070;83290;84150;84860;85570;85780;85830;85680;85710;85800;85670;86150;86360;86690;86700;86980;87090;86950;86660;86380;86290
Val-d'Oise;95;VERSAILLES;1;Group 2: 75+;27730;28560;29480;30180;31930;34090;36010;37650;39310;40830;42440;43700;45010;46300;47410;48560;49670;50850;51960;53030;53960;54860;55790;56620;57530;58140;58770;59360;60030;60980;61960;62910;63620
Val-d'Oise;95;VERSAILLES;2;Group 1: 60-75;83340;85540;87980;90050;91150;91790;92580;93210;93690;94000;94290;94550;94910;94710;94940;95050;95330;95070;94670;94390;94400;94050;93900;94350;94870;95380;95620;95890;96480;96680;96810;96920;97170
Val-d'Oise;95;VERSAILLES;2;Group 2: 75+;44190;44980;45690;46260;47870;50010;52010;54100;56040;57630;59350;60940;62540;64360;66080;67850;69460;71130;72650;74100;75470;76830;78130;79150;79850;80580;81140;81750;82210;82860;83490;84140;84490
Var;83;AIX EN PROVENCE;1;Group 1: 60-75;99540;100670;102050;103480;103720;103990;104230;104800;105130;105790;106530;107370;108380;109300;110220;111260;112150;112470;112280;111720;111490;111170;110560;110630;110670;110870;110740;110550;110320;110080;109640;109400;109530
Var;83;AIX EN PROVENCE;1;Group 2: 75+;53530;55110;56580;57580;59950;62590;65380;68070;70550;72500;74300;75810;77300;78830;80390;81790;83080;84430;85870;87280;88580;90040;91700;93040;94270;95440;96530;97830;99190;100710;102240;103610;104560
Var;83;AIX EN PROVENCE;2;Group 1: 60-75;114070;115570;117050;118900;118910;118820;119000;119510;119740;120460;121210;121850;122380;122830;123470;124350;124920;124900;124350;123570;122960;122050;121270;121110;120880;120980;120660;120440;120360;119990;119550;119180;119240
Var;83;AIX EN PROVENCE;2;Group 2: 75+;79110;80940;82840;84110;87320;90760;94040;97020;100170;102550;104780;106980;109080;111250;113220;114950;116680;118430;120170;121730;123230;124780;126360;127780;128980;129980;130920;131750;132640;133650;134760;135660;136100
Vaucluse;84;NIMES;1;Group 1: 60-75;47440;47950;48670;49260;49220;49220;49510;49790;49830;49880;50130;50300;50420;50800;51150;51580;51800;51650;51370;50970;50690;50220;49750;49580;49460;49240;48950;48700;48410;48170;47720;47500;47420
Vaucluse;84;NIMES;1;Group 2: 75+;22520;23150;23810;24230;25210;26520;27710;28780;29930;30950;31870;32620;33390;33990;34540;35170;35720;36450;37060;37560;38170;38920;39590;40150;40620;41160;41550;41970;42480;42980;43620;44070;44370
Vaucluse;84;NIMES;2;Group 1: 60-75;53660;54620;55610;56800;56930;57050;57120;57280;57470;57880;57900;58010;58140;58210;58430;58510;58550;58230;57590;57020;56590;56010;55530;55270;55060;54900;54610;54360;54140;53860;53690;53480;53580
Vaucluse;84;NIMES;2;Group 2: 75+;34760;35420;35980;36330;37580;38940;40430;41870;43220;44330;45540;46590;47570;48600;49620;50590;51540;52430;53440;54190;54890;55680;56470;57160;57810;58190;58520;58840;59160;59580;59950;60240;60260
Vendée;85;POITIERS;1;Group 1: 60-75;64730;66850;68740;70460;71110;71610;72030;72580;72920;73530;73870;74540;75160;75940;76740;77470;78130;78590;78910;79010;79200;79200;79260;79580;79680;80020;79940;79730;79560;79250;78770;78320;78050
Vendée;85;POITIERS;1;Group 2: 75+;30040;30620;31400;31880;33630;35720;37920;39970;42110;44020;45950;47590;49280;50730;52210;53740;55210;56670;57980;59280;60470;61730;62980;64090;65220;66130;67100;68130;69190;70350;71580;72730;73680
Vendée;85;POITIERS;2;Group 1: 60-75;70770;73120;75450;77620;78540;79050;79450;79970;80550;81280;81630;82090;82560;83110;83560;84370;85090;85170;85230;85150;85240;85170;85110;85340;85500;85880;86020;86040;85870;85680;85220;84800;84750
Vendée;85;POITIERS;2;Group 2: 75+;45140;45700;46530;47130;49100;51500;54010;56380;58700;60810;62940;64970;67060;69180;71320;73130;74940;76940;78760;80520;82100;83680;85190;86590;87870;88790;89670;90590;91620;92650;93720;94750;95350
Vienne;86;POITIERS;1;Group 1: 60-75;36700;37370;38010;38460;38490;38380;38280;38160;38060;38160;38010;37800;37720;37710;37830;37960;38010;37840;37540;37250;36960;36640;36440;36320;36190;36030;35840;35590;35320;35000;34660;34430;34290
Vienne;86;POITIERS;1;Group 2: 75+;18330;18480;18760;18910;19550;20410;21290;22180;22980;23640;24420;25150;25880;26550;27130;27670;28180;28730;29190;29590;29950;30330;30680;30990;31320;31550;31690;31970;32260;32610;32980;33240;33400
Vienne;86;POITIERS;2;Group 1: 60-75;39820;40790;41860;42510;42750;42780;42840;42790;42660;42770;42710;42560;42590;42390;42280;42430;42320;42020;41740;41240;40900;40520;40210;40160;40010;39900;39750;39550;39310;39040;38680;38430;38330
Vienne;86;POITIERS;2;Group 2: 75+;28450;28670;28790;28900;29720;30620;31550;32580;33560;34370;35310;36240;37090;38100;39030;39770;40590;41420;41990;42710;43230;43820;44340;44700;45110;45420;45640;45930;46150;46400;46700;46850;46880
Vosges;88;NANCY;1;Group 1: 60-75;35020;35850;36370;36880;36970;36850;36610;36680;36550;36660;36500;36460;36260;35980;35970;35790;35700;35400;34850;34270;33760;33270;32730;32330;31930;31610;31140;30780;30450;30030;29710;29320;29100
Vosges;88;NANCY;1;Group 2: 75+;15050;15120;15420;15590;16240;17210;18200;19090;19990;20670;21460;22070;22780;23470;23990;24510;24970;25370;25800;26180;26550;26850;27270;27590;27920;28130;28310;28470;28600;28830;28970;29150;29130
Vosges;88;NANCY;2;Group 1: 60-75;37260;38420;39300;40210;40380;40210;40120;39960;39820;39740;39560;39330;39070;38880;38740;38520;38150;37690;37070;36480;35850;35230;34660;34220;33830;33440;33030;32610;32110;31720;31300;30900;30610
Vosges;88;NANCY;2;Group 2: 75+;25580;25430;25420;25340;25880;26810;27660;28580;29380;30080;30790;31500;32220;32930;33490;34120;34840;35430;36080;36570;36980;37410;37810;38070;38270;38390;38440;38490;38540;38560;38570;38560;38370
Yonne;89;PARIS;1;Group 1: 60-75;32290;32840;33230;33510;33470;33230;32910;32610;32420;32290;32100;32020;31970;31890;31860;31800;31790;31680;31490;31160;30810;30560;30250;29990;29780;29640;29350;29110;28930;28670;28400;28170;28080
Yonne;89;PARIS;1;Group 2: 75+;14850;14970;15180;15220;15760;16600;17460;18300;19110;19830;20470;21030;21490;21940;22370;22810;23180;23490;23730;24000;24260;24480;24690;24930;25180;25320;25480;25680;25830;26050;26280;26510;26640
Yonne;89;PARIS;2;Group 1: 60-75;34310;34940;35530;36000;36000;35720;35540;35420;35100;35020;34910;34830;34720;34520;34510;34490;34410;34220;33890;33500;33200;32840;32500;32400;32190;31980;31740;31490;31310;31110;30910;30690;30580
Yonne;89;PARIS;2;Group 2: 75+;23440;23450;23490;23460;24030;24750;25510;26220;26980;27620;28220;28770;29340;29930;30330;30790;31220;31680;32070;32470;32710;33040;33350;33530;33770;33960;34110;34270;34350;34460;34600;34710;34740
Yvelines;78;VERSAILLES;1;Group 1: 60-75;94130;95000;96100;97240;97590;97540;98130;98640;99370;100240;101120;102060;103070;104410;105890;107460;108650;109410;109500;109390;109610;109470;109190;109430;109680;109860;109470;109150;108850;108520;107840;107400;107000
Yvelines;78;VERSAILLES;1;Group 2: 75+;43340;44640;45950;46730;48540;50930;52910;54830;56430;57720;58850;59930;61040;61970;62840;63880;64890;66030;67140;68280;69390;70640;71830;72990;74050;75030;76070;77210;78500;79870;81430;82770;83920
Yvelines;78;VERSAILLES;2;Group 1: 60-75;107080;108500;109930;111510;111710;111640;111990;112630;112880;113180;113160;113440;113920;114650;115160;115870;116670;116810;116550;116050;115950;115570;115150;115430;115790;116130;116130;116150;116200;116360;116050;115750;115780
Yvelines;78;VERSAILLES;2;Group 2: 75+;66090;67330;68620;69350;71760;74220;76760;78930;81060;83010;84830;86390;88000;89410;90960;92550;93880;95220;96520;97880;98970;100400;101750;102760;103670;104240;104830;105550;106390;107190;108190;109110;109630
